server_name,year,count_preprints,count_unique_clusters,count_versioned,count_published,count_cross_server,count_single_version,count_not_published,count_not_cross_server
AIJR Preprints,2020,71,71,5,0,5,66,71,66
AIJR Preprints,2021,25,25,1,0,1,24,25,24
AIJR Preprints,2022,19,19,0,0,0,19,19,19
AIJR Preprints,2023,16,16,0,0,0,16,16,16
AIJR Preprints,2024,6,6,1,0,1,5,6,5
AIJR Preprints,2025,4,4,0,0,0,4,4,4
AMRC Open Research,2018,1,1,0,0,0,1,1,1
AMRC Open Research,2019,7,7,4,0,0,3,7,7
AMRC Open Research,2020,6,6,3,0,0,3,6,6
AMRC Open Research,2021,15,15,6,0,0,9,15,15
AMRC Open Research,2022,5,5,3,0,0,2,5,5
AMRC Open Research,2023,15,15,5,0,0,10,15,15
AMRC Open Research,2024,16,16,4,0,0,12,16,16
AMRC Open Research,2025,5,5,2,0,1,3,5,4
APSA Preprints,2019,75,75,14,16,1,61,59,74
APSA Preprints,2020,264,264,40,35,14,224,229,250
APSA Preprints,2021,105,105,41,24,11,64,81,94
APSA Preprints,2022,180,180,35,31,11,145,149,169
APSA Preprints,2023,178,178,36,27,15,142,151,163
APSA Preprints,2024,136,136,32,16,6,104,120,130
APSA Preprints,2025,200,200,32,4,3,168,196,197
ARPHA Preprints,2020,15,15,0,10,0,15,5,15
ARPHA Preprints,2021,116,116,3,78,0,113,38,116
ARPHA Preprints,2022,154,154,8,95,2,146,59,152
ARPHA Preprints,2023,184,184,8,87,2,176,97,182
ARPHA Preprints,2024,178,178,4,28,0,174,150,178
ARPHA Preprints,2025,208,208,2,11,0,206,197,208
ART-Dok,2016,571,571,26,0,0,545,571,571
ART-Dok,2017,4774,4774,53,2,2,4721,4772,4772
ART-Dok,2018,672,672,6,0,0,666,672,672
ART-Dok,2019,479,479,2,0,0,477,479,479
ART-Dok,2020,457,457,1,0,0,456,457,457
ART-Dok,2021,455,455,3,0,0,452,455,455
ART-Dok,2022,427,427,2,0,0,425,427,427
ART-Dok,2023,647,647,3,0,0,644,647,647
ART-Dok,2024,562,562,2,0,0,560,562,562
ART-Dok,2025,485,485,5,0,0,480,485,485
Advance,2018,82,82,79,0,4,3,82,78
Advance,2019,303,303,292,17,11,11,286,292
Advance,2020,448,448,433,46,16,15,402,432
Advance,2021,374,374,366,38,19,8,336,355
Advance,2022,216,216,216,27,4,0,189,212
Advance,2023,198,198,189,10,6,9,188,192
Advance,2024,396,396,86,0,4,310,396,392
Advance,2025,321,321,24,0,6,297,321,315
AfricArXiv,2018,29,29,22,4,2,7,25,27
AfricArXiv,2019,56,56,48,7,2,8,49,54
AfricArXiv,2020,100,100,90,6,8,10,94,92
AfricArXiv,2021,99,99,88,11,4,11,88,95
AfricArXiv,2022,104,104,97,12,3,7,92,101
AfricArXiv,2023,56,56,48,6,5,8,50,51
AfricArXiv,2024,929,929,38,1,6,891,928,923
AfricArXiv,2025,210,210,10,2,6,200,208,204
AgEcon Search,2019,109526,109526,6122,5,102,103404,109521,109424
AgEcon Search,2020,8568,8568,453,2,64,8115,8566,8504
AgEcon Search,2021,7339,7339,338,2,77,7001,7337,7262
AgEcon Search,2022,7946,7946,323,0,65,7623,7946,7881
AgEcon Search,2023,3137,3137,117,1,35,3020,3136,3102
AgEcon Search,2024,7987,7987,196,0,21,7791,7987,7966
AgEcon Search,2025,8924,8924,448,0,1,8476,8924,8923
AgriRxiv,2017,33,33,21,1,14,12,32,19
AgriRxiv,2018,62,62,29,1,5,33,61,57
AgriRxiv,2019,177,177,33,7,29,144,170,148
AgriRxiv,2020,169,169,7,6,4,162,163,165
AgriRxiv,2021,84,84,2,0,2,82,84,82
AgriRxiv,2022,46,46,5,0,5,41,46,41
AgriRxiv,2023,55,55,4,2,3,51,53,52
AgriRxiv,2024,66,66,3,1,2,63,65,64
AgriRxiv,2025,90,90,6,2,6,84,88,84
Arabixiv,2018,147,147,80,30,15,67,117,132
Arabixiv,2019,238,238,11,171,2,227,67,236
Arabixiv,2020,91,91,2,12,2,89,79,89
Authorea Inc.,2017,1,1,0,0,0,1,1,1
Authorea Inc.,2018,1,1,1,0,0,0,1,1
Authorea Inc.,2019,1,1,0,0,0,1,1,1
Authorea Inc.,2020,8238,8238,557,41,171,7681,8197,8067
Authorea Inc.,2021,6764,6764,473,24,122,6291,6740,6642
Authorea Inc.,2022,8254,8254,613,52,229,7641,8202,8025
Authorea Inc.,2023,9101,9101,655,58,292,8446,9043,8809
Authorea Inc.,2024,13009,13009,594,53,184,12415,12956,12825
Authorea Inc.,2025,10833,10833,626,45,198,10207,10788,10635
Beilstein Archives,2019,161,161,1,85,1,160,76,160
Beilstein Archives,2020,145,145,2,84,2,143,61,143
Beilstein Archives,2021,92,92,1,55,1,91,37,91
Beilstein Archives,2022,91,91,0,76,0,91,15,91
Beilstein Archives,2023,68,68,2,57,2,66,11,66
Beilstein Archives,2024,72,72,0,56,0,72,16,72
Beilstein Archives,2025,65,65,1,46,1,64,19,64
BioHackrXiv,2020,10,10,0,0,0,10,10,10
BioHackrXiv,2021,11,11,1,0,1,10,11,10
BioHackrXiv,2022,10,10,0,0,0,10,10,10
BioHackrXiv,2023,29,29,0,0,0,29,29,29
BioHackrXiv,2024,35,35,0,0,0,35,35,35
BioHackrXiv,2025,41,41,3,0,0,38,41,41
BodoArXiv,2019,39,39,3,18,0,36,21,39
BodoArXiv,2020,29,29,3,12,2,26,17,27
BodoArXiv,2021,15,15,1,2,1,14,13,14
BodoArXiv,2022,26,26,0,6,0,26,20,26
BodoArXiv,2023,5,5,0,1,0,5,4,5
BodoArXiv,2024,9,9,1,2,0,8,7,9
BodoArXiv,2025,28,28,4,3,1,24,25,27
CERN document server,1992,1,1,0,0,0,1,1,1
CERN document server,1993,1,1,1,1,1,0,0,0
CERN document server,1994,6,6,2,1,2,4,5,4
CERN document server,1995,3,3,1,0,1,2,3,2
CERN document server,1996,4,4,4,0,4,0,4,0
CERN document server,1997,5,5,1,1,0,4,4,5
CERN document server,1998,9,9,0,0,0,9,9,9
CERN document server,1999,6,6,1,0,1,5,6,5
CERN document server,2000,12,12,7,2,6,5,10,6
CERN document server,2001,14,14,5,2,5,9,12,9
CERN document server,2002,17,17,3,2,3,14,15,14
CERN document server,2003,10,10,3,1,3,7,9,7
CERN document server,2004,24,24,15,7,15,9,17,9
CERN document server,2005,20,20,8,1,7,12,19,13
CERN document server,2006,11,11,4,3,3,7,8,8
CERN document server,2007,9,9,2,0,2,7,9,7
CERN document server,2008,7,7,3,1,3,4,6,4
CERN document server,2009,11,11,3,0,3,8,11,8
CERN document server,2010,11,11,7,0,7,4,11,4
CERN document server,2011,37,37,29,1,29,8,36,8
CERN document server,2012,24,24,17,0,17,7,24,7
CERN document server,2013,21,21,14,2,13,7,19,8
CERN document server,2014,27,27,11,3,9,16,24,18
CERN document server,2015,22,22,10,5,8,12,17,14
CERN document server,2016,26,26,5,1,4,21,25,22
CERN document server,2017,52,52,5,1,4,47,51,48
CERN document server,2018,49,49,6,3,3,43,46,46
CERN document server,2019,61,61,10,5,7,51,56,54
CERN document server,2020,24,24,7,6,1,17,18,23
CERN document server,2021,28,28,2,2,0,26,26,28
CERN document server,2022,10,10,4,3,1,6,7,9
CERN document server,2023,45,45,34,34,1,11,11,44
CERN document server,2024,77,77,57,63,8,20,14,69
CERN document server,2025,291,291,261,261,12,30,30,279
Cambridge Open Engage,2020,213,213,44,13,15,169,200,198
Cambridge Open Engage,2021,265,265,48,14,17,217,251,248
Cambridge Open Engage,2022,202,202,75,19,20,127,183,182
Cambridge Open Engage,2023,222,222,73,22,20,149,200,202
Cambridge Open Engage,2024,396,396,89,24,18,307,372,378
Cambridge Open Engage,2025,585,585,124,14,10,461,571,575
ChemRxiv,2017,148,148,36,110,6,112,38,142
ChemRxiv,2018,865,865,247,739,19,618,126,846
ChemRxiv,2019,2261,2261,510,1926,22,1751,335,2239
ChemRxiv,2020,3811,3811,889,3090,53,2922,721,3758
ChemRxiv,2021,4023,4023,958,3290,70,3065,733,3953
ChemRxiv,2022,4665,4665,1144,3701,119,3521,964,4546
ChemRxiv,2023,5656,5656,1418,2139,152,4238,3517,5504
ChemRxiv,2024,6854,6854,1535,1256,82,5319,5598,6772
ChemRxiv,2025,7855,7855,1306,673,54,6549,7182,7801
CoP,2022,4,4,0,2,0,4,2,4
CoP,2023,9,9,0,2,0,9,7,9
CoP,2024,9,9,0,1,0,9,8,9
CoP,2025,7,7,1,0,0,6,7,7
CogPrints,1990,8,8,0,0,0,8,8,8
CogPrints,1991,15,15,0,0,0,15,15,15
CogPrints,1992,10,10,0,0,0,10,10,10
CogPrints,1993,25,25,0,0,0,25,25,25
CogPrints,1994,32,32,0,0,0,32,32,32
CogPrints,1995,61,61,1,0,1,60,61,60
CogPrints,1996,41,41,0,0,0,41,41,41
CogPrints,1997,62,62,1,0,1,61,62,61
CogPrints,1998,67,67,0,0,0,67,67,67
CogPrints,1999,40,40,1,0,1,39,40,39
CogPrints,2000,54,54,0,0,0,54,54,54
CogPrints,2001,76,76,2,0,1,74,76,75
CogPrints,2002,100,100,1,0,1,99,100,99
CogPrints,2003,99,99,0,0,0,99,99,99
CogPrints,2004,86,86,2,0,1,84,86,85
CogPrints,2005,82,82,0,0,0,82,82,82
CogPrints,2006,68,68,1,1,1,67,67,67
CogPrints,2007,54,54,1,0,1,53,54,53
CogPrints,2008,74,74,2,0,2,72,74,72
CogPrints,2009,87,87,4,1,4,83,86,83
CogPrints,2010,87,87,1,0,1,86,87,86
CogPrints,2011,104,104,0,0,0,104,104,104
CogPrints,2012,61,61,0,0,0,61,61,61
CogPrints,2013,54,54,0,0,0,54,54,54
CogPrints,2014,38,38,0,0,0,38,38,38
CogPrints,2015,2,2,0,0,0,2,2,2
Covid-19 Preprints,2020,121,121,10,0,1,111,121,120
Covid-19 Preprints,2021,30,30,6,0,0,24,30,30
Covid-19 Preprints,2022,47,47,6,0,0,41,47,47
Covid-19 Preprints,2023,36,36,2,0,0,34,36,36
Covid-19 Preprints,2024,32,32,3,0,0,29,32,32
Covid-19 Preprints,2025,27,27,4,0,0,23,27,27
CrimRxiv,1995,1,1,0,0,0,1,1,1
CrimRxiv,1998,1,1,0,0,0,1,1,1
CrimRxiv,2001,1,1,0,0,0,1,1,1
CrimRxiv,2003,1,1,0,0,0,1,1,1
CrimRxiv,2006,1,1,0,0,0,1,1,1
CrimRxiv,2007,1,1,0,0,0,1,1,1
CrimRxiv,2008,2,2,0,0,0,2,2,2
CrimRxiv,2009,2,2,0,0,0,2,2,2
CrimRxiv,2010,7,7,0,0,0,7,7,7
CrimRxiv,2011,4,4,0,0,0,4,4,4
CrimRxiv,2012,7,7,0,0,0,7,7,7
CrimRxiv,2013,6,6,0,0,0,6,6,6
CrimRxiv,2014,9,9,0,0,0,9,9,9
CrimRxiv,2015,10,10,0,0,0,10,10,10
CrimRxiv,2016,10,10,0,0,0,10,10,10
CrimRxiv,2017,27,27,2,0,0,25,27,27
CrimRxiv,2018,33,33,0,0,0,33,33,33
CrimRxiv,2019,61,61,3,0,3,58,61,58
CrimRxiv,2020,173,173,15,0,5,158,173,168
CrimRxiv,2021,370,370,30,1,10,340,369,360
CrimRxiv,2022,694,694,29,0,1,665,694,693
CrimRxiv,2023,323,323,19,1,7,304,322,316
CrimRxiv,2024,345,345,14,0,5,331,345,340
CrimRxiv,2025,483,483,17,0,2,466,483,481
CrossAsia-Repository,2021,32,32,0,0,0,32,32,32
CrossAsia-Repository,2022,54,54,1,0,0,53,54,54
CrossAsia-Repository,2023,62,62,0,0,0,62,62,62
CrossAsia-Repository,2024,280,280,3,0,0,277,280,280
CrossAsia-Repository,2025,31,31,0,0,0,31,31,31
DSpace@MIT,1990,66,66,2,0,1,64,66,65
DSpace@MIT,1991,82,82,2,0,1,80,82,81
DSpace@MIT,1992,58,58,1,0,1,57,58,57
DSpace@MIT,1993,69,69,1,0,1,68,69,68
DSpace@MIT,1994,64,64,2,0,0,62,64,64
DSpace@MIT,1995,83,83,0,0,0,83,83,83
DSpace@MIT,1996,84,84,4,0,2,80,84,82
DSpace@MIT,1997,95,95,0,0,0,95,95,95
DSpace@MIT,1998,87,87,2,0,0,85,87,87
DSpace@MIT,1999,78,78,2,0,1,76,78,77
DSpace@MIT,2000,84,84,2,0,1,82,84,83
DSpace@MIT,2001,124,124,2,0,1,122,124,123
DSpace@MIT,2002,257,257,7,0,3,250,257,254
DSpace@MIT,2003,259,259,9,0,6,250,259,253
DSpace@MIT,2004,254,254,6,0,3,248,254,251
DSpace@MIT,2005,278,278,6,0,2,272,278,276
DSpace@MIT,2006,201,201,4,0,1,197,201,200
DSpace@MIT,2007,209,209,5,0,1,204,209,208
DSpace@MIT,2008,208,208,8,1,4,200,207,204
DSpace@MIT,2009,559,559,10,2,6,549,557,553
DSpace@MIT,2010,653,653,18,7,11,635,646,642
DSpace@MIT,2011,605,605,15,6,10,590,599,595
DSpace@MIT,2012,637,637,14,5,9,623,632,628
DSpace@MIT,2013,730,730,20,9,16,710,721,714
DSpace@MIT,2014,793,793,10,3,7,783,790,786
DSpace@MIT,2015,885,885,12,5,7,873,880,878
DSpace@MIT,2016,905,905,21,9,17,884,896,888
DSpace@MIT,2017,729,729,15,2,10,714,727,719
DSpace@MIT,2018,572,572,18,3,17,554,569,555
DSpace@MIT,2019,343,343,20,5,20,323,338,323
DSpace@MIT,2020,219,219,8,3,8,211,216,211
DSpace@MIT,2021,125,125,8,6,8,117,119,117
DSpace@MIT,2022,10,10,1,0,1,9,10,9
DSpace@MIT,2023,2,2,0,0,0,2,2,2
DSpace@MIT,2025,13,13,0,0,0,13,13,13
Digital Access to Scholarship at Harvard (DASH) (Harvard University),1990,62,62,1,0,0,61,62,62
Digital Access to Scholarship at Harvard (DASH) (Harvard University),1991,38,38,0,0,0,38,38,38
Digital Access to Scholarship at Harvard (DASH) (Harvard University),1992,35,35,0,0,0,35,35,35
Digital Access to Scholarship at Harvard (DASH) (Harvard University),1993,28,28,0,0,0,28,28,28
Digital Access to Scholarship at Harvard (DASH) (Harvard University),1994,52,52,1,0,0,51,52,52
Digital Access to Scholarship at Harvard (DASH) (Harvard University),1995,74,74,1,1,1,73,73,73
Digital Access to Scholarship at Harvard (DASH) (Harvard University),1996,39,39,1,0,1,38,39,38
Digital Access to Scholarship at Harvard (DASH) (Harvard University),1997,87,87,1,0,1,86,87,86
Digital Access to Scholarship at Harvard (DASH) (Harvard University),1998,63,63,1,0,0,62,63,63
Digital Access to Scholarship at Harvard (DASH) (Harvard University),1999,60,60,2,0,2,58,60,58
Digital Access to Scholarship at Harvard (DASH) (Harvard University),2000,101,101,4,0,4,97,101,97
Digital Access to Scholarship at Harvard (DASH) (Harvard University),2001,126,126,6,0,6,120,126,120
Digital Access to Scholarship at Harvard (DASH) (Harvard University),2002,160,160,2,0,2,158,160,158
Digital Access to Scholarship at Harvard (DASH) (Harvard University),2003,123,123,6,0,6,117,123,117
Digital Access to Scholarship at Harvard (DASH) (Harvard University),2004,160,160,3,0,3,157,160,157
Digital Access to Scholarship at Harvard (DASH) (Harvard University),2005,150,150,7,0,6,143,150,144
Digital Access to Scholarship at Harvard (DASH) (Harvard University),2006,148,148,3,0,3,145,148,145
Digital Access to Scholarship at Harvard (DASH) (Harvard University),2007,134,134,4,0,4,130,134,130
Digital Access to Scholarship at Harvard (DASH) (Harvard University),2008,161,161,5,0,4,156,161,157
Digital Access to Scholarship at Harvard (DASH) (Harvard University),2009,250,250,6,0,5,244,250,245
Digital Access to Scholarship at Harvard (DASH) (Harvard University),2010,273,273,14,1,14,259,272,259
Digital Access to Scholarship at Harvard (DASH) (Harvard University),2011,291,291,11,0,11,280,291,280
Digital Access to Scholarship at Harvard (DASH) (Harvard University),2012,250,250,9,0,8,241,250,242
Digital Access to Scholarship at Harvard (DASH) (Harvard University),2013,235,235,9,0,8,226,235,227
Digital Access to Scholarship at Harvard (DASH) (Harvard University),2014,208,208,17,0,17,191,208,191
Digital Access to Scholarship at Harvard (DASH) (Harvard University),2015,233,233,16,0,16,217,233,217
Digital Access to Scholarship at Harvard (DASH) (Harvard University),2016,185,185,12,0,12,173,185,173
Digital Access to Scholarship at Harvard (DASH) (Harvard University),2017,165,165,4,0,3,161,165,162
Digital Access to Scholarship at Harvard (DASH) (Harvard University),2018,111,111,3,0,3,108,111,108
Digital Access to Scholarship at Harvard (DASH) (Harvard University),2019,95,95,2,0,2,93,95,93
Digital Access to Scholarship at Harvard (DASH) (Harvard University),2020,197,197,0,0,0,197,197,197
Digital Access to Scholarship at Harvard (DASH) (Harvard University),2021,790,790,3,2,3,787,788,787
Digital Access to Scholarship at Harvard (DASH) (Harvard University),2022,1166,1166,0,0,0,1166,1166,1166
Digital Access to Scholarship at Harvard (DASH) (Harvard University),2023,1234,1234,3,0,3,1231,1234,1231
Digital Access to Scholarship at Harvard (DASH) (Harvard University),2024,1233,1233,0,0,0,1233,1233,1233
Digital Access to Scholarship at Harvard (DASH) (Harvard University),2025,666,666,2,1,1,664,665,665
E-LIS Repository,1990,14,14,0,0,0,14,14,14
E-LIS Repository,1991,13,13,0,0,0,13,13,13
E-LIS Repository,1992,17,17,0,0,0,17,17,17
E-LIS Repository,1993,13,13,0,0,0,13,13,13
E-LIS Repository,1994,22,22,1,0,0,21,22,22
E-LIS Repository,1995,45,45,2,0,0,43,45,45
E-LIS Repository,1996,54,54,0,0,0,54,54,54
E-LIS Repository,1997,82,82,1,0,0,81,82,82
E-LIS Repository,1998,72,72,0,0,0,72,72,72
E-LIS Repository,1999,139,139,1,0,0,138,139,139
E-LIS Repository,2000,175,175,2,0,0,173,175,175
E-LIS Repository,2001,247,247,3,0,0,244,247,247
E-LIS Repository,2002,343,343,1,0,0,342,343,343
E-LIS Repository,2003,430,430,1,0,1,429,430,429
E-LIS Repository,2004,533,533,3,0,0,530,533,533
E-LIS Repository,2005,561,561,7,0,3,554,561,558
E-LIS Repository,2006,670,670,6,0,2,664,670,668
E-LIS Repository,2007,648,648,2,0,0,646,648,648
E-LIS Repository,2008,559,559,3,0,1,556,559,558
E-LIS Repository,2009,599,599,4,0,1,595,599,598
E-LIS Repository,2010,463,463,0,0,0,463,463,463
E-LIS Repository,2011,492,492,7,0,0,485,492,492
E-LIS Repository,2012,478,478,11,0,2,467,478,476
E-LIS Repository,2013,446,446,3,0,1,443,446,445
E-LIS Repository,2014,344,344,2,0,0,342,344,344
E-LIS Repository,2015,233,233,2,0,2,231,233,231
E-LIS Repository,2016,274,274,3,0,2,271,274,272
E-LIS Repository,2017,175,175,3,0,0,172,175,175
E-LIS Repository,2018,139,139,1,0,0,138,139,139
E-LIS Repository,2019,116,116,1,0,0,115,116,116
E-LIS Repository,2020,152,152,2,2,2,150,150,150
E-LIS Repository,2021,69,69,2,0,2,67,69,67
E-LIS Repository,2022,12,12,0,0,0,12,12,12
E-LIS Repository,2023,29,29,0,0,0,29,29,29
E-LIS Repository,2024,81,81,1,1,1,80,80,80
E-LIS Repository,2025,55,55,1,0,1,54,55,54
ECSarXiv,2018,33,33,12,1,0,21,32,33
ECSarXiv,2019,67,67,7,7,3,60,60,64
ECSarXiv,2020,75,75,4,4,1,71,71,74
ECSarXiv,2021,23,23,0,3,0,23,20,23
ECSarXiv,2022,46,46,3,3,3,43,43,43
ECSarXiv,2023,21,21,2,1,2,19,20,19
ECSarXiv,2024,20,20,3,3,0,17,17,20
ECSarXiv,2025,14,14,3,0,1,11,14,13
EGUsphere,2022,907,907,14,836,9,893,71,898
EGUsphere,2023,2198,2198,21,2028,11,2177,170,2187
EGUsphere,2024,2854,2854,40,2586,10,2814,268,2844
EGUsphere,2025,4222,4222,37,2667,8,4185,1555,4214
ELPUB (Universitat Wuppertal),2024,24,24,0,1,0,24,23,24
ELPUB (Universitat Wuppertal),2025,17,17,0,0,0,17,17,17
Earth and Space Science Open Archive,2018,341,341,21,25,3,320,316,338
Earth and Space Science Open Archive,2019,886,886,72,162,7,814,724,879
Earth and Space Science Open Archive,2020,3150,3150,542,1393,52,2608,1757,3098
Earth and Space Science Open Archive,2021,3658,3658,673,1549,56,2985,2109,3602
Earth and Space Science Open Archive,2022,2966,2966,464,1496,85,2502,1470,2881
Earth and Space Science Open Archive,2023,2496,2496,367,1201,59,2129,1295,2437
Earth and Space Science Open Archive,2024,2482,2482,348,1296,39,2134,1186,2443
Earth and Space Science Open Archive,2025,3206,3206,313,1161,51,2893,2045,3155
EarthArXiv,2017,199,199,179,143,116,20,56,83
EarthArXiv,2018,500,500,188,151,13,312,349,487
EarthArXiv,2019,620,620,28,23,21,592,597,599
EarthArXiv,2020,570,570,20,10,14,550,560,556
EarthArXiv,2021,448,448,29,6,13,419,442,435
EarthArXiv,2022,948,948,22,423,12,926,525,936
EarthArXiv,2023,870,870,39,215,32,831,655,838
EarthArXiv,2024,845,845,21,134,17,824,711,828
EarthArXiv,2025,1261,1261,17,231,10,1244,1030,1251
EasyChair preprint,2017,4,4,1,1,1,3,3,3
EasyChair preprint,2018,458,458,26,7,24,432,451,434
EasyChair preprint,2019,107,107,5,1,5,102,106,102
EasyChair preprint,2020,2,2,0,0,0,2,2,2
EcoEvoRxiv,2018,24,24,2,2,2,22,22,22
EcoEvoRxiv,2019,139,139,2,2,2,137,137,137
EcoEvoRxiv,2020,213,213,5,0,4,208,213,209
EcoEvoRxiv,2021,328,328,12,1,8,316,327,320
EcoEvoRxiv,2022,278,278,12,4,7,266,274,271
EcoEvoRxiv,2023,396,396,18,9,7,378,387,389
EcoEvoRxiv,2024,579,579,15,14,13,564,565,566
EcoEvoRxiv,2025,847,847,17,20,10,830,827,837
EconStor Preprints,1990,441,441,13,0,8,428,441,433
EconStor Preprints,1991,439,439,17,0,14,422,439,425
EconStor Preprints,1992,482,482,10,0,8,472,482,474
EconStor Preprints,1993,514,514,11,0,10,503,514,504
EconStor Preprints,1994,578,578,21,0,18,557,578,560
EconStor Preprints,1995,543,543,17,0,14,526,543,529
EconStor Preprints,1996,562,562,18,0,16,544,562,546
EconStor Preprints,1997,776,776,36,0,25,740,776,751
EconStor Preprints,1998,1196,1196,45,0,42,1151,1196,1154
EconStor Preprints,1999,1295,1295,94,0,89,1201,1295,1206
EconStor Preprints,2000,1559,1559,132,0,127,1427,1559,1432
EconStor Preprints,2001,1741,1741,183,0,171,1558,1741,1570
EconStor Preprints,2002,1965,1965,217,0,203,1748,1965,1762
EconStor Preprints,2003,2223,2223,258,0,248,1965,2223,1975
EconStor Preprints,2004,2347,2347,303,0,292,2044,2347,2055
EconStor Preprints,2005,2363,2363,276,0,267,2087,2363,2096
EconStor Preprints,2006,2459,2459,271,0,258,2188,2459,2201
EconStor Preprints,2007,2166,2166,257,1,246,1909,2165,1920
EconStor Preprints,2008,2438,2438,262,0,253,2176,2438,2185
EconStor Preprints,2009,2742,2742,333,0,312,2409,2742,2430
EconStor Preprints,2010,2913,2913,351,0,342,2562,2913,2571
EconStor Preprints,2011,3513,3513,338,3,318,3175,3510,3195
EconStor Preprints,2012,3156,3156,285,0,265,2871,3156,2891
EconStor Preprints,2013,3361,3361,306,0,285,3055,3361,3076
EconStor Preprints,2014,3564,3564,289,0,266,3275,3564,3298
EconStor Preprints,2015,3597,3597,280,0,269,3317,3597,3328
EconStor Preprints,2016,3312,3312,232,1,202,3080,3311,3110
EconStor Preprints,2017,3077,3077,207,0,191,2870,3077,2886
EconStor Preprints,2018,2603,2603,192,0,180,2411,2603,2423
EconStor Preprints,2019,1903,1903,150,1,143,1753,1902,1760
EconStor Preprints,2020,1471,1471,127,0,122,1344,1471,1349
EconStor Preprints,2021,477,477,67,0,67,410,477,410
EconStor Preprints,2022,93,93,0,0,0,93,93,93
EconStor Preprints,2023,128,128,0,0,0,128,128,128
EconStor Preprints,2024,136,136,2,0,1,134,136,135
EconStor Preprints,2025,625,625,2,0,0,623,625,625
EdArXiv,2019,123,123,33,26,27,90,97,96
EdArXiv,2020,515,515,75,61,46,440,454,469
EdArXiv,2021,245,245,11,42,8,234,203,237
EdArXiv,2022,215,215,12,32,9,203,183,206
EdArXiv,2023,307,307,25,54,9,282,253,298
EdArXiv,2024,271,271,28,13,3,243,258,268
EdArXiv,2025,515,515,96,25,12,419,490,503
Electron Colloquium Comput Complex,2016,1,1,0,0,0,1,1,1
Electron Colloquium Comput Complex,2017,27,27,4,0,3,23,27,24
Electron Colloquium Comput Complex,2018,36,36,3,0,3,33,36,33
Electron Colloquium Comput Complex,2019,31,31,8,2,8,23,29,23
Electron Colloquium Comput Complex,2020,21,21,10,3,10,11,18,11
Electron Colloquium Comput Complex,2021,23,23,5,0,5,18,23,18
EmeRI,2020,8,8,0,0,0,8,8,8
Encyclopedia,2018,4,4,0,0,0,4,4,4
Encyclopedia,2019,34,34,2,0,0,32,34,34
Encyclopedia,2020,123,123,4,0,1,119,123,122
EnerarXiv,2020,189,189,4,0,3,185,189,186
EnerarXiv,2021,1,1,0,0,0,1,1,1
EnerarXiv,2022,1,1,0,0,0,1,1,1
F1000Research,2012,71,71,69,1,1,2,70,70
F1000Research,2013,290,290,164,0,0,126,290,290
F1000Research,2014,314,314,180,0,0,134,314,314
F1000Research,2015,420,420,132,0,1,288,420,419
F1000Research,2016,727,727,159,5,5,568,722,722
F1000Research,2017,740,740,197,0,0,543,740,740
F1000Research,2018,859,859,268,0,2,591,859,857
F1000Research,2019,802,802,261,2,4,541,800,798
F1000Research,2020,832,832,358,3,5,474,829,827
F1000Research,2021,894,894,480,0,2,414,894,892
F1000Research,2022,1177,1177,576,1,2,601,1176,1175
F1000Research,2023,1279,1279,609,0,0,670,1279,1279
F1000Research,2024,1207,1207,522,1,1,685,1206,1206
F1000Research,2025,1027,1027,256,0,2,771,1027,1025
FocUS Archive,2017,5,5,2,0,2,3,5,3
FocUS Archive,2018,35,35,34,1,34,1,34,1
FocUS Archive,2019,4,4,0,0,0,4,4,4
FocUS Archive,2020,1,1,0,0,0,1,1,1
FocUS Archive,2021,7,7,0,0,0,7,7,7
FocUS Archive,2022,2,2,0,0,0,2,2,2
FocUS Archive,2023,7,7,0,0,0,7,7,7
FocUS Archive,2024,10,10,0,1,0,10,9,10
FocUS Archive,2025,8,8,0,1,0,8,7,8
Frenxiv,2018,31,31,0,26,0,31,5,31
Frenxiv,2019,21,21,1,4,1,20,17,20
Frenxiv,2020,52,52,15,8,9,37,44,43
Gates Open Research,2017,17,17,8,0,0,9,17,17
Gates Open Research,2018,57,57,34,0,0,23,57,57
Gates Open Research,2019,119,119,68,0,0,51,119,119
Gates Open Research,2020,87,87,43,0,0,44,87,87
Gates Open Research,2021,67,67,33,0,0,34,67,67
Gates Open Research,2022,59,59,26,0,0,33,59,59
Gates Open Research,2023,54,54,30,0,0,24,54,54
Gates Open Research,2024,39,39,23,0,0,16,39,39
Gates Open Research,2025,3,3,1,0,1,2,3,2
HAL,1990,5245,5245,143,0,3,5102,5245,5242
HAL,1991,5523,5523,129,0,9,5394,5523,5514
HAL,1992,7060,7060,137,0,3,6923,7060,7057
HAL,1993,7237,7237,126,2,8,7111,7235,7229
HAL,1994,9015,9015,155,1,8,8860,9014,9007
HAL,1995,8994,8994,143,0,9,8851,8994,8985
HAL,1996,9829,9829,159,0,4,9670,9829,9825
HAL,1997,10012,10012,156,0,10,9856,10012,10002
HAL,1998,10465,10465,174,1,14,10291,10464,10451
HAL,1999,10654,10654,149,2,15,10505,10652,10639
HAL,2000,11555,11555,186,1,23,11369,11554,11532
HAL,2001,11983,11983,212,6,27,11771,11977,11956
HAL,2002,14094,14094,277,6,25,13817,14088,14069
HAL,2003,17201,17201,393,11,47,16808,17190,17154
HAL,2004,20067,20067,443,8,49,19624,20059,20018
HAL,2005,27295,27295,676,14,77,26619,27281,27218
HAL,2006,31674,31674,722,13,64,30952,31661,31610
HAL,2007,34394,34394,725,14,93,33669,34380,34301
HAL,2008,35229,35229,699,11,100,34530,35218,35129
HAL,2009,37421,37421,781,13,128,36640,37408,37293
HAL,2010,40675,40675,879,23,148,39796,40652,40527
HAL,2011,42593,42593,821,11,119,41772,42582,42474
HAL,2012,47623,47623,900,20,132,46723,47603,47491
HAL,2013,49939,49939,979,25,148,48960,49914,49791
HAL,2014,53167,53167,998,20,174,52169,53147,52993
HAL,2015,56468,56468,1094,15,155,55374,56453,56313
HAL,2016,60030,60030,1171,16,194,58859,60014,59836
HAL,2017,61290,61290,1176,27,203,60114,61263,61087
HAL,2018,60665,60665,1217,31,236,59448,60634,60429
HAL,2019,59574,59574,1096,41,315,58478,59533,59259
HAL,2020,43383,43383,823,26,297,42560,43357,43086
HAL,2021,54911,54911,931,27,292,53980,54884,54619
HAL,2022,47786,47786,754,40,278,47032,47746,47508
HAL,2023,19351,19351,309,19,167,19042,19332,19184
HAL,2024,4523,4523,181,20,132,4342,4503,4391
HAL,2025,3309,3309,336,8,193,2973,3301,3116
HANS Publication PrePrints,2016,28,28,0,0,0,28,28,28
HANS Publication PrePrints,2017,36,36,0,0,0,36,36,36
HANS Publication PrePrints,2018,11,11,0,0,0,11,11,11
HRB Open Research,2018,28,28,16,0,0,12,28,28
HRB Open Research,2019,36,36,25,0,0,11,36,36
HRB Open Research,2020,95,95,56,0,0,39,95,95
HRB Open Research,2021,131,131,67,0,1,64,131,130
HRB Open Research,2022,81,81,41,0,0,40,81,81
HRB Open Research,2023,76,76,41,0,0,35,76,76
HRB Open Research,2024,76,76,35,0,1,41,76,75
HRB Open Research,2025,124,124,24,0,0,100,124,124
Humanities Commons CORE,1993,1,1,1,1,0,0,0,1
Humanities Commons CORE,2000,1,1,1,1,0,0,0,1
Humanities Commons CORE,2002,1,1,1,1,0,0,0,1
Humanities Commons CORE,2004,1,1,1,1,0,0,0,1
Humanities Commons CORE,2005,1,1,1,1,0,0,0,1
Humanities Commons CORE,2006,1,1,1,1,0,0,0,1
Humanities Commons CORE,2007,2,2,2,2,0,0,0,2
Humanities Commons CORE,2008,9,9,9,9,0,0,0,9
Humanities Commons CORE,2009,5,5,5,5,0,0,0,5
Humanities Commons CORE,2010,2,2,2,2,0,0,0,2
Humanities Commons CORE,2011,10,10,9,10,1,1,0,9
Humanities Commons CORE,2012,6,6,6,6,0,0,0,6
Humanities Commons CORE,2013,3,3,3,3,0,0,0,3
Humanities Commons CORE,2014,9,9,9,9,0,0,0,9
Humanities Commons CORE,2015,176,176,77,12,2,99,164,174
Humanities Commons CORE,2016,342,342,181,40,0,161,302,342
Humanities Commons CORE,2017,1253,1253,1103,1025,2,150,228,1251
Humanities Commons CORE,2018,998,998,888,843,6,110,155,992
Humanities Commons CORE,2019,1174,1174,1088,1001,7,86,173,1167
Humanities Commons CORE,2020,1311,1311,1179,1033,13,132,278,1298
Humanities Commons CORE,2021,1426,1426,1267,1141,6,159,285,1420
Humanities Commons CORE,2022,1449,1449,965,757,39,484,692,1410
Humanities Commons CORE,2023,4262,4262,2019,217,92,2243,4045,4170
Humanities Commons CORE,2024,2938,2938,1319,437,10,1619,2501,2928
Humanities Commons CORE,2025,1392,1392,1338,1386,8,54,6,1384
IACR Cryptology ePrint Archive,1996,6,6,0,0,0,6,6,6
IACR Cryptology ePrint Archive,1997,5,5,0,0,0,5,5,5
IACR Cryptology ePrint Archive,1998,9,9,0,0,0,9,9,9
IACR Cryptology ePrint Archive,1999,10,10,1,0,0,9,10,10
IACR Cryptology ePrint Archive,2000,38,38,1,0,0,37,38,38
IACR Cryptology ePrint Archive,2001,84,84,0,0,0,84,84,84
IACR Cryptology ePrint Archive,2002,144,144,5,0,2,139,144,142
IACR Cryptology ePrint Archive,2003,185,185,3,0,2,182,185,183
IACR Cryptology ePrint Archive,2004,274,274,13,0,7,261,274,267
IACR Cryptology ePrint Archive,2005,365,365,6,0,3,359,365,362
IACR Cryptology ePrint Archive,2006,362,362,9,0,5,353,362,357
IACR Cryptology ePrint Archive,2007,363,363,7,1,6,356,362,357
IACR Cryptology ePrint Archive,2008,411,411,9,0,6,402,411,405
IACR Cryptology ePrint Archive,2009,484,484,10,0,6,474,484,478
IACR Cryptology ePrint Archive,2010,496,496,9,0,6,487,496,490
IACR Cryptology ePrint Archive,2011,555,555,10,1,5,545,554,550
IACR Cryptology ePrint Archive,2012,529,529,17,0,4,512,529,525
IACR Cryptology ePrint Archive,2013,618,618,11,1,4,607,617,614
IACR Cryptology ePrint Archive,2014,734,734,13,0,8,721,734,726
IACR Cryptology ePrint Archive,2015,873,873,14,0,6,859,873,867
IACR Cryptology ePrint Archive,2016,709,709,8,1,3,701,708,706
IACR Cryptology ePrint Archive,2017,610,610,13,1,4,597,609,606
IACR Cryptology ePrint Archive,2018,585,585,12,0,7,573,585,578
IACR Cryptology ePrint Archive,2019,622,622,19,4,12,603,618,610
IACR Cryptology ePrint Archive,2020,722,722,29,3,17,693,719,705
IACR Cryptology ePrint Archive,2021,637,637,15,0,11,622,637,626
INA-Rxiv,2017,1464,1464,1336,22,1324,128,1442,140
INA-Rxiv,2018,4106,4106,1701,240,1510,2405,3866,2596
INA-Rxiv,2019,8533,8533,986,876,213,7547,7657,8320
INA-Rxiv,2020,1025,1025,72,162,22,953,863,1003
IndiaRxiv,2019,40,40,6,7,5,34,33,35
IndiaRxiv,2020,60,60,4,4,3,56,56,57
IndiaRxiv,2023,3,3,0,0,0,3,3,3
IndiaRxiv,2024,2,2,0,0,0,2,2,2
IndiaRxiv,2025,1,1,0,0,0,1,1,1
JMIR Preprints,2013,1,1,0,1,0,1,0,1
JMIR Preprints,2014,1,1,0,1,0,1,0,1
JMIR Preprints,2015,5,5,0,2,0,5,3,5
JMIR Preprints,2016,45,45,3,33,0,42,12,45
JMIR Preprints,2017,1112,1112,143,976,5,969,136,1107
JMIR Preprints,2018,2515,2515,101,2063,8,2414,452,2507
JMIR Preprints,2019,2606,2606,85,2232,21,2521,374,2585
JMIR Preprints,2020,5357,5357,247,4241,70,5110,1116,5287
JMIR Preprints,2021,4695,4695,207,3579,80,4488,1116,4615
JMIR Preprints,2022,4422,4422,161,2640,57,4261,1782,4365
JMIR Preprints,2023,5347,5347,169,4122,61,5178,1225,5286
JMIR Preprints,2024,5081,5081,117,3076,40,4964,2005,5041
JMIR Preprints,2025,4642,4642,90,959,42,4552,3683,4600
Jxiv,2022,96,96,5,0,3,91,96,93
Jxiv,2023,165,165,4,0,2,161,165,163
Jxiv,2024,207,207,2,0,0,205,207,207
Jxiv,2025,291,291,2,0,1,289,291,290
Keldysh Institute Preprints,2016,142,142,16,0,0,126,142,142
Keldysh Institute Preprints,2017,141,141,7,0,0,134,141,141
Keldysh Institute Preprints,2018,269,269,12,2,3,257,267,266
Keldysh Institute Preprints,2019,150,150,7,0,1,143,150,149
Keldysh Institute Preprints,2020,128,128,5,2,3,123,126,125
Keldysh Institute Preprints,2021,105,105,2,0,0,103,105,105
Keldysh Institute Preprints,2022,101,101,1,0,1,100,101,100
Keldysh Institute Preprints,2023,74,74,4,0,0,70,74,74
Keldysh Institute Preprints,2024,82,82,4,0,0,78,82,82
Keldysh Institute Preprints,2025,1,1,0,0,0,1,1,1
LIS Scholarship Archive,2017,53,53,50,14,47,3,39,6
LIS Scholarship Archive,2018,77,77,53,13,52,24,64,25
LIS Scholarship Archive,2019,123,123,11,16,8,112,107,115
LIS Scholarship Archive,2020,57,57,6,12,3,51,45,54
LIS Scholarship Archive,2021,1,1,0,0,0,1,1,1
LIS Scholarship Archive,2024,7,7,2,2,1,5,5,6
LIS Scholarship Archive,2025,10,10,5,2,0,5,8,10
LSE Research Online Documents on Economics,1997,2,2,0,0,0,2,2,2
LSE Research Online Documents on Economics,1998,1,1,0,0,0,1,1,1
LSE Research Online Documents on Economics,1999,2,2,1,0,1,1,2,1
LSE Research Online Documents on Economics,2000,1,1,0,0,0,1,1,1
LSE Research Online Documents on Economics,2001,3,3,0,0,0,3,3,3
LSE Research Online Documents on Economics,2002,3,3,1,0,1,2,3,2
LSE Research Online Documents on Economics,2003,5,5,4,0,4,1,5,1
LSE Research Online Documents on Economics,2004,4,4,2,0,2,2,4,2
LSE Research Online Documents on Economics,2005,1,1,1,0,1,0,1,0
LSE Research Online Documents on Economics,2006,2,2,0,0,0,2,2,2
LSE Research Online Documents on Economics,2007,3,3,1,0,1,2,3,2
LSE Research Online Documents on Economics,2008,2,2,0,0,0,2,2,2
LSE Research Online Documents on Economics,2009,8,8,2,0,2,6,8,6
LSE Research Online Documents on Economics,2010,3,3,0,0,0,3,3,3
LSE Research Online Documents on Economics,2011,6,6,1,0,1,5,6,5
LSE Research Online Documents on Economics,2012,5,5,1,0,1,4,5,4
LSE Research Online Documents on Economics,2013,7,7,1,0,1,6,7,6
LSE Research Online Documents on Economics,2014,6,6,4,0,4,2,6,2
LSE Research Online Documents on Economics,2015,4,4,1,0,1,3,4,3
LSE Research Online Documents on Economics,2016,6,6,0,0,0,6,6,6
LSE Research Online Documents on Economics,2017,6,6,1,0,1,5,6,5
LSE Research Online Documents on Economics,2018,5,5,0,0,0,5,5,5
LSE Research Online Documents on Economics,2019,6,6,0,0,0,6,6,6
LSE Research Online Documents on Economics,2020,11,11,3,1,3,8,10,8
LSE Research Online Documents on Economics,2021,8,8,0,0,0,8,8,8
LatArXiv,2024,42,42,2,3,1,40,39,41
LatArXiv,2025,73,73,1,0,0,72,73,73
Law Archive,2016,17,17,17,2,17,0,15,0
Law Archive,2017,331,331,323,16,320,8,315,11
Law Archive,2018,495,495,321,21,301,174,474,194
Law Archive,2019,186,186,14,15,11,172,171,175
Law Archive,2020,165,165,31,21,26,134,144,139
Law Archive,2021,14,14,1,0,1,13,14,13
Law Archive,2023,10,10,5,1,1,5,9,9
Law Archive,2024,29,29,2,2,0,27,27,29
Law Archive,2025,108,108,7,6,0,101,102,108
MNI Open Research,2017,3,3,1,0,0,2,3,3
MNI Open Research,2018,6,6,3,0,0,3,6,6
MNI Open Research,2019,2,2,2,0,0,0,2,2
MNI Open Research,2020,2,2,0,0,0,2,2,2
MarXiv,2017,16,16,11,7,9,5,9,7
MarXiv,2018,362,362,135,186,11,227,176,351
MarXiv,2019,111,111,3,57,2,108,54,109
MarXiv,2020,20,20,3,1,2,17,19,18
MarXiv,2024,2,2,0,0,0,2,2,2
MarXiv,2025,2,2,1,0,0,1,2,2
MediArXiv,2019,64,64,4,12,1,60,52,63
MediArXiv,2020,39,39,1,16,1,38,23,38
MediArXiv,2021,49,49,2,22,2,47,27,47
MediArXiv,2022,40,40,1,8,0,39,32,40
MediArXiv,2023,33,33,1,12,1,32,21,32
MediArXiv,2024,20,20,4,5,2,16,15,18
MediArXiv,2025,33,33,5,4,1,28,29,32
MetaArXiv,2017,14,14,13,0,13,1,14,1
MetaArXiv,2018,20,20,6,7,6,14,13,14
MetaArXiv,2019,52,52,8,12,5,44,40,47
MetaArXiv,2020,118,118,17,45,9,101,73,109
MetaArXiv,2021,106,106,26,29,21,80,77,85
MetaArXiv,2022,142,142,28,21,20,114,121,122
MetaArXiv,2023,88,88,13,7,7,75,81,81
MetaArXiv,2024,75,75,25,5,2,50,70,73
MetaArXiv,2025,101,101,33,7,1,68,94,100
MindRxiv,2017,61,61,59,16,31,2,45,30
MindRxiv,2018,58,58,19,26,3,39,32,55
MindRxiv,2019,64,64,2,33,1,62,31,63
MindRxiv,2020,29,29,0,6,0,29,23,29
MindRxiv,2021,42,42,1,11,1,41,31,41
MindRxiv,2022,25,25,1,10,0,24,15,25
MindRxiv,2023,1,1,0,0,0,1,1,1
MindRxiv,2024,1,1,1,0,1,0,1,0
Munich Personal RePEc Archive,1990,15,15,0,0,0,15,15,15
Munich Personal RePEc Archive,1991,35,35,3,0,3,32,35,32
Munich Personal RePEc Archive,1992,38,38,2,0,2,36,38,36
Munich Personal RePEc Archive,1993,48,48,4,0,4,44,48,44
Munich Personal RePEc Archive,1994,58,58,1,0,1,57,58,57
Munich Personal RePEc Archive,1995,46,46,5,0,4,41,46,42
Munich Personal RePEc Archive,1996,52,52,4,0,3,48,52,49
Munich Personal RePEc Archive,1997,75,75,7,0,7,68,75,68
Munich Personal RePEc Archive,1998,86,86,6,0,6,80,86,80
Munich Personal RePEc Archive,1999,104,104,8,0,8,96,104,96
Munich Personal RePEc Archive,2000,152,152,24,0,24,128,152,128
Munich Personal RePEc Archive,2001,163,163,9,0,9,154,163,154
Munich Personal RePEc Archive,2002,180,180,10,0,9,170,180,171
Munich Personal RePEc Archive,2003,218,218,25,0,24,193,218,194
Munich Personal RePEc Archive,2004,234,234,25,0,24,209,234,210
Munich Personal RePEc Archive,2005,347,347,44,1,43,303,346,304
Munich Personal RePEc Archive,2006,530,530,83,0,81,447,530,449
Munich Personal RePEc Archive,2007,852,852,126,0,122,726,852,730
Munich Personal RePEc Archive,2008,1169,1169,155,1,150,1014,1168,1019
Munich Personal RePEc Archive,2009,1718,1718,189,0,186,1529,1718,1532
Munich Personal RePEc Archive,2010,2105,2105,211,1,205,1894,2104,1900
Munich Personal RePEc Archive,2011,2952,2952,212,0,204,2740,2952,2748
Munich Personal RePEc Archive,2012,3438,3438,207,3,205,3231,3435,3233
Munich Personal RePEc Archive,2013,3423,3423,172,0,171,3251,3423,3252
Munich Personal RePEc Archive,2014,4418,4418,171,0,168,4247,4418,4250
Munich Personal RePEc Archive,2015,4669,4669,185,0,180,4484,4669,4489
Munich Personal RePEc Archive,2016,4900,4900,125,0,121,4775,4900,4779
Munich Personal RePEc Archive,2017,5010,5010,96,1,93,4914,5009,4917
Munich Personal RePEc Archive,2018,4750,4750,70,2,70,4680,4748,4680
Munich Personal RePEc Archive,2019,4667,4667,62,0,62,4605,4667,4605
Munich Personal RePEc Archive,2020,4537,4537,51,0,49,4486,4537,4488
Munich Personal RePEc Archive,2021,7234,7234,50,0,50,7184,7234,7184
Munich Personal RePEc Archive,2022,6083,6083,19,0,18,6064,6083,6065
Munich Personal RePEc Archive,2023,2002,2002,7,0,7,1995,2002,1995
Munich Personal RePEc Archive,2024,30,30,0,0,0,30,30,30
Munich Personal RePEc Archive,2025,1,1,0,0,0,1,1,1
National Bureau of Economic Research,1990,20,20,6,0,6,14,20,14
National Bureau of Economic Research,1991,16,16,1,0,1,15,16,15
National Bureau of Economic Research,1992,19,19,3,0,3,16,19,16
National Bureau of Economic Research,1993,26,26,2,0,2,24,26,24
National Bureau of Economic Research,1994,26,26,3,0,3,23,26,23
National Bureau of Economic Research,1995,30,30,4,0,4,26,30,26
National Bureau of Economic Research,1996,35,35,5,0,5,30,35,30
National Bureau of Economic Research,1997,49,49,16,0,16,33,49,33
National Bureau of Economic Research,1998,48,48,16,0,16,32,48,32
National Bureau of Economic Research,1999,55,55,21,0,21,34,55,34
National Bureau of Economic Research,2000,58,58,22,0,22,36,58,36
National Bureau of Economic Research,2001,57,57,27,0,27,30,57,30
National Bureau of Economic Research,2002,48,48,23,0,23,25,48,25
National Bureau of Economic Research,2003,74,74,35,0,35,39,74,39
National Bureau of Economic Research,2004,72,72,30,0,30,42,72,42
National Bureau of Economic Research,2005,82,82,32,0,32,50,82,50
National Bureau of Economic Research,2006,71,71,32,0,32,39,71,39
National Bureau of Economic Research,2007,112,112,40,0,37,72,112,75
National Bureau of Economic Research,2008,94,94,25,0,24,69,94,70
National Bureau of Economic Research,2009,101,101,17,0,15,84,101,86
National Bureau of Economic Research,2010,149,149,47,0,44,102,149,105
National Bureau of Economic Research,2011,116,116,32,0,32,84,116,84
National Bureau of Economic Research,2012,87,87,27,0,25,60,87,62
National Bureau of Economic Research,2013,65,65,16,0,16,49,65,49
National Bureau of Economic Research,2014,63,63,21,0,21,42,63,42
National Bureau of Economic Research,2015,53,53,15,0,15,38,53,38
National Bureau of Economic Research,2021,47,47,24,0,23,23,47,24
Nature Precedings,2006,4,4,4,0,0,0,4,4
Nature Precedings,2007,241,241,134,1,2,107,240,239
Nature Precedings,2008,571,571,215,2,2,356,569,569
Nature Precedings,2009,648,648,368,1,8,280,647,640
Nature Precedings,2010,693,693,433,2,7,260,691,686
Nature Precedings,2011,769,769,465,8,16,304,761,753
Nature Precedings,2012,227,227,140,2,9,87,225,218
NewAddictionsX,2024,2,2,2,0,0,0,2,2
NewAddictionsX,2025,2,2,0,0,0,2,2,2
NutriXiv,2017,13,13,11,10,10,2,3,3
NutriXiv,2018,13,13,4,0,4,9,13,9
NutriXiv,2019,27,27,1,2,0,26,25,27
NutriXiv,2020,31,31,6,2,5,25,29,26
NutriXiv,2024,1,1,0,0,0,1,1,1
Open Research Africa,2018,28,28,17,0,0,11,28,28
Open Research Africa,2019,31,31,13,0,0,18,31,31
Open Research Africa,2020,36,36,16,0,0,20,36,36
Open Research Africa,2021,31,31,18,0,0,13,31,31
Open Research Africa,2022,18,18,7,0,0,11,18,18
Open Research Africa,2023,8,8,3,0,0,5,8,8
Open Research Africa,2024,7,7,3,0,0,4,7,7
Open Research Africa,2025,21,21,4,0,1,17,21,20
Open Research Europe,2021,141,141,101,0,0,40,141,141
Open Research Europe,2022,140,140,83,1,1,57,139,139
Open Research Europe,2023,210,210,119,0,0,91,210,210
Open Research Europe,2024,267,267,150,2,4,117,265,263
Open Research Europe,2025,357,357,99,1,1,258,356,356
Open Science Framework,2016,257,257,187,47,32,70,210,225
Open Science Framework,2017,2860,2860,2366,732,1249,494,2128,1611
Open Science Framework,2018,3757,3757,1835,605,765,1922,3152,2992
Open Science Framework,2019,6761,6761,694,693,265,6067,6068,6496
Open Science Framework,2020,12776,12776,1087,1079,328,11689,11697,12448
Open Science Framework,2021,18039,18039,1575,1198,263,16464,16841,17776
Open Science Framework,2022,20048,20048,1418,1286,343,18630,18762,19705
Open Science Framework,2023,19460,19460,1361,1099,424,18099,18361,19036
Open Science Framework,2024,6329,6329,999,767,231,5330,5562,6098
Open Science Framework,2025,5716,5716,1236,509,221,4480,5207,5495
Organic Eprints,1990,1,1,0,0,0,1,1,1
Organic Eprints,1991,2,2,0,0,0,2,2,2
Organic Eprints,1992,2,2,0,0,0,2,2,2
Organic Eprints,1993,4,4,0,0,0,4,4,4
Organic Eprints,1994,5,5,0,0,0,5,5,5
Organic Eprints,1995,13,13,0,0,0,13,13,13
Organic Eprints,1996,13,13,1,0,0,12,13,13
Organic Eprints,1997,19,19,1,0,0,18,19,19
Organic Eprints,1998,32,32,0,0,0,32,32,32
Organic Eprints,1999,52,52,3,0,0,49,52,52
Organic Eprints,2000,165,165,2,0,1,163,165,164
Organic Eprints,2001,205,205,3,0,0,202,205,205
Organic Eprints,2002,485,485,11,0,1,474,485,484
Organic Eprints,2003,601,601,12,0,1,589,601,600
Organic Eprints,2004,531,531,10,0,2,521,531,529
Organic Eprints,2005,717,717,10,0,3,707,717,714
Organic Eprints,2006,711,711,10,0,0,701,711,711
Organic Eprints,2007,606,606,8,0,3,598,606,603
Organic Eprints,2008,800,800,9,0,5,791,800,795
Organic Eprints,2009,584,584,5,0,1,579,584,583
Organic Eprints,2010,527,527,9,0,3,518,527,524
Organic Eprints,2011,724,724,7,0,3,717,724,721
Organic Eprints,2012,503,503,11,0,2,492,503,501
Organic Eprints,2013,782,782,18,0,2,764,782,780
Organic Eprints,2014,732,732,5,0,4,727,732,728
Organic Eprints,2015,713,713,9,0,1,704,713,712
Organic Eprints,2016,477,477,7,0,2,470,477,475
Organic Eprints,2017,671,671,13,0,2,658,671,669
Organic Eprints,2018,924,924,15,0,2,909,924,922
Organic Eprints,2019,881,881,13,0,0,868,881,881
Organic Eprints,2020,640,640,8,0,0,632,640,640
Organic Eprints,2021,354,354,6,0,1,348,354,353
Organic Eprints,2022,11,11,0,0,0,11,11,11
Organic Eprints,2023,10,10,0,0,0,10,10,10
Organic Eprints,2024,13,13,0,0,0,13,13,13
Oroboros Instruments,2019,8,8,3,0,0,5,8,8
Oroboros Instruments,2020,1,1,0,0,0,1,1,1
Oroboros Instruments,2021,1,1,0,0,0,1,1,1
Oroboros Instruments,2022,18,18,5,0,0,13,18,18
Oroboros Instruments,2023,10,10,3,0,0,7,10,10
Oroboros Instruments,2024,9,9,3,0,0,6,9,9
Oroboros Instruments,2025,21,21,2,0,0,19,21,21
PREPRINTS.RU,2019,8,8,0,2,0,8,6,8
PREPRINTS.RU,2020,109,109,8,0,1,101,109,108
PREPRINTS.RU,2021,118,118,5,0,1,113,118,117
PREPRINTS.RU,2022,138,138,7,1,1,131,137,137
PREPRINTS.RU,2023,173,173,7,0,0,166,173,173
PREPRINTS.RU,2024,230,230,6,0,3,224,230,227
PREPRINTS.RU,2025,569,569,17,4,5,552,565,564
PaleorXiv,2017,8,8,7,5,0,1,3,8
PaleorXiv,2018,55,55,22,41,0,33,14,55
PaleorXiv,2019,37,37,2,8,1,35,29,36
PaleorXiv,2020,20,20,0,3,0,20,17,20
PaleorXiv,2021,36,36,1,0,0,35,36,36
PaleorXiv,2022,4,4,0,1,0,4,3,4
PaleorXiv,2023,8,8,0,1,0,8,7,8
PaleorXiv,2024,10,10,5,1,0,5,9,10
PaleorXiv,2025,13,13,4,2,0,9,11,13
PeerJ Preprints,2013,181,181,50,2,2,131,179,179
PeerJ Preprints,2014,580,580,128,2,4,452,578,576
PeerJ Preprints,2015,840,840,163,3,11,677,837,829
PeerJ Preprints,2016,1078,1078,199,4,10,879,1074,1068
PeerJ Preprints,2017,838,838,131,1,9,707,837,829
PeerJ Preprints,2018,1068,1068,175,9,19,893,1059,1049
PeerJ Preprints,2019,559,559,82,3,11,477,556,548
PhilSci-Archive,1990,2,2,0,0,0,2,2,2
PhilSci-Archive,1991,1,1,0,0,0,1,1,1
PhilSci-Archive,1994,2,2,0,0,0,2,2,2
PhilSci-Archive,1995,2,2,0,0,0,2,2,2
PhilSci-Archive,1996,4,4,0,0,0,4,4,4
PhilSci-Archive,1997,8,8,0,0,0,8,8,8
PhilSci-Archive,1998,9,9,0,0,0,9,9,9
PhilSci-Archive,1999,6,6,0,0,0,6,6,6
PhilSci-Archive,2000,20,20,1,0,1,19,20,19
PhilSci-Archive,2001,62,62,2,1,1,60,61,61
PhilSci-Archive,2002,75,75,1,1,1,74,74,74
PhilSci-Archive,2003,61,61,1,1,1,60,60,60
PhilSci-Archive,2004,56,56,0,0,0,56,56,56
PhilSci-Archive,2005,54,54,0,0,0,54,54,54
PhilSci-Archive,2006,78,78,1,0,1,77,78,77
PhilSci-Archive,2007,122,122,0,0,0,122,122,122
PhilSci-Archive,2008,99,99,2,0,0,97,99,99
PhilSci-Archive,2009,124,124,1,0,0,123,124,124
PhilSci-Archive,2010,91,91,2,1,1,89,90,90
PhilSci-Archive,2011,77,77,1,0,0,76,77,77
PhilSci-Archive,2012,84,84,3,1,3,81,83,81
PhilSci-Archive,2013,100,100,1,0,1,99,100,99
PhilSci-Archive,2014,134,134,1,0,0,133,134,134
PhilSci-Archive,2015,92,92,0,0,0,92,92,92
PhilSci-Archive,2016,133,133,3,0,0,130,133,133
PhilSci-Archive,2017,103,103,1,1,1,102,102,102
PhilSci-Archive,2018,137,137,0,0,0,137,137,137
PhilSci-Archive,2019,118,118,1,0,1,117,118,117
PhilSci-Archive,2020,149,149,8,2,8,141,147,141
PhilSci-Archive,2021,97,97,1,0,0,96,97,97
PhilSci-Archive,2022,8,8,0,0,0,8,8,8
PhilSci-Archive,2025,21,21,1,0,1,20,21,20
PoolText,2019,79,79,0,14,0,79,65,79
Preprints.org,2016,846,846,97,432,10,749,414,836
Preprints.org,2017,1853,1853,203,1133,24,1650,720,1829
Preprints.org,2018,5270,5270,553,3213,77,4717,2057,5193
Preprints.org,2019,3372,3372,386,1908,95,2986,1464,3277
Preprints.org,2020,6090,6090,755,3231,189,5335,2859,5901
Preprints.org,2021,6918,6918,708,4215,173,6210,2703,6745
Preprints.org,2022,5393,5393,615,3537,154,4778,1856,5239
Preprints.org,2023,19945,19945,1366,14232,305,18579,5713,19640
Preprints.org,2024,26033,26033,1701,17334,340,24332,8699,25693
Preprints.org,2025,27936,27936,1591,13882,299,26345,14054,27637
Prepublicaciones OpenCiencia,2020,4,4,1,0,0,3,4,4
Prepublicaciones OpenCiencia,2021,3,3,0,0,0,3,3,3
PropylaeumDok,2016,342,342,3,0,0,339,342,342
PropylaeumDok,2017,3335,3335,25,0,0,3310,3335,3335
PropylaeumDok,2018,416,416,1,0,0,415,416,416
PropylaeumDok,2019,375,375,7,0,0,368,375,375
PropylaeumDok,2020,370,370,3,0,0,367,370,370
PropylaeumDok,2021,209,209,1,0,0,208,209,209
PropylaeumDok,2022,371,371,9,0,0,362,371,371
PropylaeumDok,2023,292,292,4,0,0,288,292,292
PropylaeumDok,2024,599,599,2,0,0,597,599,599
PropylaeumDok,2025,355,355,1,0,0,354,355,355
PsyArXiv,2016,196,196,174,44,146,22,152,50
PsyArXiv,2017,675,675,544,202,242,131,473,433
PsyArXiv,2018,2396,2396,918,608,37,1478,1788,2359
PsyArXiv,2019,3546,3546,199,960,73,3347,2586,3473
PsyArXiv,2020,6274,6274,414,1394,165,5860,4880,6109
PsyArXiv,2021,6634,6634,442,1314,174,6192,5320,6460
PsyArXiv,2022,6236,6236,448,1136,157,5788,5100,6079
PsyArXiv,2023,6723,6723,742,1008,239,5981,5715,6484
PsyArXiv,2024,6983,6983,1671,714,176,5312,6269,6807
PsyArXiv,2025,8607,8607,2195,617,133,6412,7990,8474
Qeios,2018,10,10,0,0,0,10,10,10
Qeios,2019,14,14,4,0,0,10,14,14
Qeios,2020,68,68,29,1,3,39,67,65
Qeios,2021,150,150,46,0,3,104,150,147
Qeios,2022,323,323,107,0,6,216,323,317
Qeios,2023,1196,1196,442,9,42,754,1187,1154
Qeios,2024,1041,1041,392,2,26,649,1039,1015
Qeios,2025,455,455,153,2,7,302,453,448
RePEc: Research Papers in Economics,1990,3375,3375,290,0,216,3085,3375,3159
RePEc: Research Papers in Economics,1991,3912,3912,207,0,153,3705,3912,3759
RePEc: Research Papers in Economics,1992,4168,4168,257,0,178,3911,4168,3990
RePEc: Research Papers in Economics,1993,4159,4159,248,0,191,3911,4159,3968
RePEc: Research Papers in Economics,1994,4190,4190,249,0,190,3941,4190,4000
RePEc: Research Papers in Economics,1995,5065,5065,380,0,316,4685,5065,4749
RePEc: Research Papers in Economics,1996,5351,5351,460,0,379,4891,5351,4972
RePEc: Research Papers in Economics,1997,5611,5611,635,2,554,4976,5609,5057
RePEc: Research Papers in Economics,1998,6392,6392,668,0,592,5724,6392,5800
RePEc: Research Papers in Economics,1999,7109,7109,846,2,768,6263,7107,6341
RePEc: Research Papers in Economics,2000,8013,8013,1080,5,990,6933,8008,7023
RePEc: Research Papers in Economics,2001,8092,8092,1158,0,1062,6934,8092,7030
RePEc: Research Papers in Economics,2002,9196,9196,1470,1,1371,7726,9195,7825
RePEc: Research Papers in Economics,2003,11161,11161,1806,2,1648,9355,11159,9513
RePEc: Research Papers in Economics,2004,13134,13134,1959,2,1806,11175,13132,11328
RePEc: Research Papers in Economics,2005,15020,15020,2378,4,2154,12642,15016,12866
RePEc: Research Papers in Economics,2006,15628,15628,2649,5,2455,12979,15623,13173
RePEc: Research Papers in Economics,2007,15607,15607,2522,4,2314,13085,15603,13293
RePEc: Research Papers in Economics,2008,16629,16629,2946,2,2759,13683,16627,13870
RePEc: Research Papers in Economics,2009,17666,17666,2812,3,2639,14854,17663,15027
RePEc: Research Papers in Economics,2010,18649,18649,2919,3,2732,15730,18646,15917
RePEc: Research Papers in Economics,2011,19175,19175,3034,6,2837,16141,19169,16338
RePEc: Research Papers in Economics,2012,18795,18795,3111,12,2928,15684,18783,15867
RePEc: Research Papers in Economics,2013,19710,19710,3329,10,3085,16381,19700,16625
RePEc: Research Papers in Economics,2014,20279,20279,3224,11,2998,17055,20268,17281
RePEc: Research Papers in Economics,2015,20296,20296,3254,16,3061,17042,20280,17235
RePEc: Research Papers in Economics,2016,19039,19039,3127,12,2920,15912,19027,16119
RePEc: Research Papers in Economics,2017,14269,14269,2058,13,1926,12211,14256,12343
RePEc: Research Papers in Economics,2018,11708,11708,1521,24,1432,10187,11684,10276
RePEc: Research Papers in Economics,2019,9899,9899,1130,27,1062,8769,9872,8837
RePEc: Research Papers in Economics,2020,10772,10772,1465,41,1416,9307,10731,9356
RePEc: Research Papers in Economics,2021,6803,6803,1054,30,1035,5749,6773,5768
RePEc: Research Papers in Economics,2022,501,501,13,0,10,488,501,491
RePEc: Research Papers in Economics,2023,153,153,4,0,4,149,153,149
RePEc: Research Papers in Economics,2024,312,312,7,0,7,305,312,305
RePEc: Research Papers in Economics,2025,170,170,17,1,16,153,169,154
Research Square,2018,142,142,79,93,1,63,49,141
Research Square,2019,9771,9771,4916,5128,61,4855,4643,9710
Research Square,2020,45377,45377,13299,19270,411,32078,26107,44966
Research Square,2021,67298,67298,4887,18177,863,62411,49121,66435
Research Square,2022,67873,67873,5492,16564,1034,62381,51309,66839
Research Square,2023,76359,76359,3464,30262,1148,72895,46097,75211
Research Square,2024,67924,67924,1933,24482,610,65991,43442,67314
Research Square,2025,55284,55284,873,9946,241,54411,45338,55043
ResearchGate,2014,26,26,1,0,0,25,26,26
ResearchGate,2015,120,120,7,2,6,113,118,114
ResearchGate,2016,117,117,6,0,4,111,117,113
ResearchGate,2017,704,704,50,13,40,654,691,664
ResearchGate,2018,12319,12319,793,127,641,11526,12192,11678
ResearchGate,2019,17055,17055,1127,189,899,15928,16866,16156
ResearchGate,2020,22087,22087,1638,211,1292,20449,21876,20795
ResearchGate,2021,18224,18224,1100,209,926,17124,18015,17298
ResearchGate,2022,13071,13071,1021,155,784,12050,12916,12287
ResearchGate,2023,18225,18225,1554,150,1050,16671,18075,17175
ResearchGate,2024,27453,27453,1281,159,975,26172,27294,26478
ResearchGate,2025,38148,38148,1513,491,1322,36635,37657,36826
ResearchHub,2022,62,62,1,0,0,61,62,62
ResearchHub,2023,140,140,3,0,0,137,140,140
ResearchHub,2024,155,155,19,0,0,136,155,155
ResearchHub,2025,1016,1016,90,14,17,926,1002,999
SAE Mobilus®,2021,33,33,1,5,0,32,28,33
SAE Mobilus®,2022,42,42,1,8,1,41,34,41
SAE Mobilus®,2023,16,16,2,3,2,14,13,14
SAE Mobilus®,2024,13,13,0,2,0,13,11,13
SSRN,1990,4,4,2,0,1,2,4,3
SSRN,1991,11,11,3,0,1,8,11,10
SSRN,1992,7,7,2,0,1,5,7,6
SSRN,1993,9,9,1,0,1,8,9,8
SSRN,1994,7,7,1,0,0,6,7,7
SSRN,1995,25,25,2,0,1,23,25,24
SSRN,1996,165,165,22,0,16,143,165,149
SSRN,1997,584,584,55,0,47,529,584,537
SSRN,1998,1302,1302,144,0,95,1158,1302,1207
SSRN,1999,1631,1631,150,1,89,1481,1630,1542
SSRN,2000,3130,3130,293,0,165,2837,3130,2965
SSRN,2001,4562,4562,389,1,266,4173,4561,4296
SSRN,2002,4415,4415,439,1,305,3976,4414,4110
SSRN,2003,6364,6364,570,2,399,5794,6362,5965
SSRN,2004,6059,6059,730,1,477,5329,6058,5582
SSRN,2005,8027,8027,911,5,554,7116,8022,7473
SSRN,2006,9253,9253,1016,16,661,8237,9237,8592
SSRN,2007,11325,11325,1268,6,626,10057,11319,10699
SSRN,2008,15516,15516,2323,8,751,13193,15508,14765
SSRN,2009,17435,17435,1902,6,771,15533,17429,16664
SSRN,2010,19966,19966,2160,12,863,17806,19954,19103
SSRN,2011,22278,22278,2416,16,871,19862,22262,21407
SSRN,2012,24845,24845,2529,18,925,22316,24827,23920
SSRN,2013,24690,24690,2220,26,997,22470,24664,23693
SSRN,2014,23453,23453,2062,41,957,21391,23412,22496
SSRN,2015,22861,22861,2028,32,928,20833,22829,21933
SSRN,2016,23436,23436,1833,40,907,21603,23396,22529
SSRN,2017,25312,25312,1850,65,861,23462,25247,24451
SSRN,2018,27569,27569,1922,69,800,25647,27500,26769
SSRN,2019,33654,33654,2115,193,891,31539,33461,32763
SSRN,2020,40961,40961,2856,235,1027,38105,40726,39934
SSRN,2021,53070,53070,3561,344,1155,49509,52726,51915
SSRN,2022,116295,116295,8340,625,1796,107955,115670,114499
SSRN,2023,141480,141480,10296,892,2322,131184,140588,139158
SSRN,2024,193195,193195,19570,1642,6938,173625,191553,186257
SSRN,2025,237906,237906,22042,1884,9253,215864,236022,228653
SciELO Preprints,2020,505,505,7,16,5,498,489,500
SciELO Preprints,2021,501,501,7,0,1,494,501,500
SciELO Preprints,2022,608,608,3,0,1,605,608,607
SciELO Preprints,2023,688,688,2,2,1,686,686,687
SciELO Preprints,2024,773,773,9,1,5,764,772,768
SciELO Preprints,2025,1007,1007,16,32,4,991,975,1003
ScienceOpen Preprints,2018,3,3,1,0,0,2,3,3
ScienceOpen Preprints,2019,43,43,5,1,4,38,42,39
ScienceOpen Preprints,2020,138,138,35,2,19,103,136,119
ScienceOpen Preprints,2021,229,229,41,4,25,188,225,204
ScienceOpen Preprints,2022,277,277,34,4,14,243,273,263
ScienceOpen Preprints,2023,275,275,62,6,40,213,269,235
ScienceOpen Preprints,2024,286,286,40,3,13,246,283,273
ScienceOpen Preprints,2025,350,350,41,4,21,309,346,329
Sciencepaper Online,2024,19,19,0,0,0,19,19,19
Sciencepaper Online,2025,78,78,0,0,0,78,78,78
SocArXiv,2016,468,468,430,52,429,38,416,39
SocArXiv,2017,520,520,419,160,414,101,360,106
SocArXiv,2018,691,691,85,239,62,606,452,629
SocArXiv,2019,1456,1456,196,549,172,1260,907,1284
SocArXiv,2020,2075,2075,279,617,242,1796,1458,1833
SocArXiv,2021,2556,2556,340,851,268,2216,1705,2288
SocArXiv,2022,2125,2125,316,668,234,1809,1457,1891
SocArXiv,2023,2109,2109,276,509,162,1833,1600,1947
SocArXiv,2024,2065,2065,363,348,62,1702,1717,2003
SocArXiv,2025,2730,2730,505,300,38,2225,2430,2692
Social Science Open Access Repository,1990,148,148,3,0,0,145,148,148
Social Science Open Access Repository,1991,195,195,2,0,0,193,195,195
Social Science Open Access Repository,1992,174,174,0,0,0,174,174,174
Social Science Open Access Repository,1993,235,235,1,0,0,234,235,235
Social Science Open Access Repository,1994,321,321,1,0,0,320,321,321
Social Science Open Access Repository,1995,538,538,6,0,1,532,538,537
Social Science Open Access Repository,1996,463,463,2,0,0,461,463,463
Social Science Open Access Repository,1997,496,496,3,0,1,493,496,495
Social Science Open Access Repository,1998,437,437,2,0,0,435,437,437
Social Science Open Access Repository,1999,474,474,2,0,0,472,474,474
Social Science Open Access Repository,2000,529,529,4,0,0,525,529,529
Social Science Open Access Repository,2001,528,528,3,0,0,525,528,528
Social Science Open Access Repository,2002,615,615,4,0,3,611,615,612
Social Science Open Access Repository,2003,673,673,20,0,14,653,673,659
Social Science Open Access Repository,2004,866,866,15,0,8,851,866,858
Social Science Open Access Repository,2005,993,993,18,0,9,975,993,984
Social Science Open Access Repository,2006,1352,1352,13,0,8,1339,1352,1344
Social Science Open Access Repository,2007,1071,1071,16,0,10,1055,1071,1061
Social Science Open Access Repository,2008,1572,1572,12,0,9,1560,1572,1563
Social Science Open Access Repository,2009,1125,1125,18,0,10,1107,1125,1115
Social Science Open Access Repository,2010,1143,1143,21,0,17,1122,1143,1126
Social Science Open Access Repository,2011,963,963,9,0,6,954,963,957
Social Science Open Access Repository,2012,1323,1323,7,0,5,1316,1323,1318
Social Science Open Access Repository,2013,1146,1146,14,0,9,1132,1146,1137
Social Science Open Access Repository,2014,1039,1039,18,0,4,1021,1039,1035
Social Science Open Access Repository,2015,1083,1083,13,2,8,1070,1081,1075
Social Science Open Access Repository,2016,1068,1068,11,1,7,1057,1067,1061
Social Science Open Access Repository,2017,1305,1305,17,1,9,1288,1304,1296
Social Science Open Access Repository,2018,1296,1296,9,0,4,1287,1296,1292
Social Science Open Access Repository,2019,1273,1273,15,1,7,1258,1272,1266
Social Science Open Access Repository,2020,1344,1344,22,2,12,1322,1342,1332
Social Science Open Access Repository,2021,748,748,7,0,4,741,748,744
Social Science Open Access Repository,2022,124,124,0,0,0,124,124,124
Social Science Open Access Repository,2023,49,49,3,1,2,46,48,47
Social Science Open Access Repository,2024,44,44,0,0,0,44,44,44
Social Science Open Access Repository,2025,155,155,0,0,0,155,155,155
SportRxiv,2017,5,5,0,0,0,5,5,5
SportRxiv,2018,28,28,1,11,1,27,17,27
SportRxiv,2019,93,93,1,17,0,92,76,93
SportRxiv,2020,124,124,10,32,5,114,92,119
SportRxiv,2021,108,108,2,12,0,106,96,108
SportRxiv,2022,108,108,1,0,1,107,108,107
SportRxiv,2023,104,104,1,0,0,103,104,104
SportRxiv,2024,106,106,0,0,0,106,106,106
SportRxiv,2025,142,142,2,0,1,140,142,141
TechRxiv,2019,64,64,55,9,3,9,55,61
TechRxiv,2020,870,870,850,181,34,20,689,836
TechRxiv,2021,1674,1674,1610,414,61,64,1260,1613
TechRxiv,2022,2308,2308,2210,707,96,98,1601,2212
TechRxiv,2023,3081,3081,2834,512,151,247,2569,2930
TechRxiv,2024,3140,3140,513,24,103,2627,3116,3037
TechRxiv,2025,5077,5077,465,15,81,4612,5062,4996
Therapoid,2017,2,2,0,0,0,2,2,2
Therapoid,2023,4,4,1,0,0,3,4,4
Thesis Commons,2017,51,51,35,3,2,16,48,49
Thesis Commons,2018,244,244,172,16,8,72,228,236
Thesis Commons,2019,301,301,20,8,12,281,293,289
Thesis Commons,2020,605,605,51,321,13,554,284,592
Thesis Commons,2021,492,492,30,273,10,462,219,482
Thesis Commons,2022,598,598,29,25,8,569,573,590
Thesis Commons,2023,314,314,17,7,8,297,307,306
Thesis Commons,2024,291,291,22,15,6,269,276,285
Thesis Commons,2025,243,243,29,28,6,214,215,237
UCL Open Environment,2019,11,11,9,0,0,2,11,11
UCL Open Environment,2020,18,18,13,0,0,5,18,18
UCL Open Environment,2021,21,21,17,0,0,4,21,21
UCL Open Environment,2022,40,40,24,1,1,16,39,39
UCL Open Environment,2023,16,16,11,0,0,5,16,16
UCL Open Environment,2024,10,10,8,0,0,2,10,10
UCL Open Environment,2025,55,55,4,0,0,51,55,55
UnisaRxiv,2020,1,1,1,0,1,0,1,0
UnisaRxiv,2021,24,24,1,0,1,23,24,23
UnisaRxiv,2022,21,21,1,0,1,20,21,20
UnisaRxiv,2023,11,11,0,0,0,11,11,11
UnisaRxiv,2024,39,39,1,0,1,38,39,38
UnisaRxiv,2025,24,24,0,0,0,24,24,24
VeriXiv,2024,31,31,17,3,10,14,28,21
VeriXiv,2025,394,394,40,35,18,354,359,376
Wellcome Open Research,2016,31,31,16,0,0,15,31,31
Wellcome Open Research,2017,118,118,62,0,0,56,118,118
Wellcome Open Research,2018,160,160,78,0,0,82,160,160
Wellcome Open Research,2019,190,190,108,0,0,82,190,190
Wellcome Open Research,2020,265,265,157,0,0,108,265,265
Wellcome Open Research,2021,328,328,159,0,1,169,328,327
Wellcome Open Research,2022,296,296,124,0,0,172,296,296
Wellcome Open Research,2023,577,577,118,0,0,459,577,577
Wellcome Open Research,2024,692,692,138,0,2,554,692,690
Wellcome Open Research,2025,619,619,52,0,0,567,619,619
Zenodo,1990,1,1,1,1,0,0,0,1
Zenodo,1993,1,1,1,1,0,0,0,1
Zenodo,1994,8,8,8,8,0,0,0,8
Zenodo,1995,1,1,1,1,0,0,0,1
Zenodo,1997,4,4,4,4,0,0,0,4
Zenodo,1998,2,2,2,2,1,0,0,1
Zenodo,1999,6,6,6,6,0,0,0,6
Zenodo,2000,1,1,1,1,0,0,0,1
Zenodo,2001,2,2,1,0,1,1,2,1
Zenodo,2002,4,4,3,3,0,1,1,4
Zenodo,2003,1,1,1,1,0,0,0,1
Zenodo,2005,15,15,15,15,1,0,0,14
Zenodo,2006,7,7,7,6,1,0,1,6
Zenodo,2007,8,8,5,5,2,3,3,6
Zenodo,2008,7,7,7,7,1,0,0,6
Zenodo,2009,28,28,26,27,1,2,1,27
Zenodo,2010,13,13,13,12,1,0,1,12
Zenodo,2011,13,13,13,12,1,0,1,12
Zenodo,2012,12,12,11,11,2,1,1,10
Zenodo,2013,83,83,17,16,3,66,67,80
Zenodo,2014,36,36,23,21,7,13,15,29
Zenodo,2015,78,78,61,60,5,17,18,73
Zenodo,2016,120,120,76,74,17,44,46,103
Zenodo,2017,182,182,157,159,24,25,23,158
Zenodo,2018,380,380,353,372,33,27,8,347
Zenodo,2019,771,771,746,769,66,25,2,705
Zenodo,2020,1045,1045,992,1041,102,53,4,943
Zenodo,2021,1508,1508,1440,1503,118,68,5,1390
Zenodo,2022,1797,1797,1687,1789,190,110,8,1607
Zenodo,2023,1985,1985,1863,1976,198,122,9,1787
Zenodo,2024,4376,4376,4126,4305,311,250,71,4065
Zenodo,2025,55678,55678,49564,53746,1055,6114,1932,54623
arXiv,1990,26,26,1,2,0,25,24,26
arXiv,1991,350,350,11,233,0,339,117,350
arXiv,1992,3128,3128,133,2344,1,2995,784,3127
arXiv,1993,6563,6563,254,4696,10,6309,1867,6553
arXiv,1994,9805,9805,390,6673,17,9415,3132,9788
arXiv,1995,12653,12653,440,8486,17,12213,4167,12636
arXiv,1996,15443,15443,506,10246,40,14937,5197,15403
arXiv,1997,19125,19125,634,12841,57,18491,6284,19068
arXiv,1998,23526,23526,795,14999,100,22731,8527,23426
arXiv,1999,26993,26993,865,17168,128,26128,9825,26865
arXiv,2000,29858,29858,914,19037,147,28944,10821,29711
arXiv,2001,32323,32323,964,21362,205,31359,10961,32118
arXiv,2002,35187,35187,1105,22911,216,34082,12276,34971
arXiv,2003,38488,38488,1198,24774,286,37290,13714,38202
arXiv,2004,42682,42682,1224,27707,303,41458,14975,42379
arXiv,2005,45788,45788,1340,29717,373,44448,16071,45415
arXiv,2006,49186,49186,1543,31429,445,47643,17757,48741
arXiv,2007,54486,54486,1578,33404,440,52908,21082,54046
arXiv,2008,57459,57459,1559,35803,398,55900,21656,57061
arXiv,2009,62611,62611,1635,38079,451,60976,24532,62160
arXiv,2010,68604,68604,1915,41519,528,66689,27085,68076
arXiv,2011,74972,74972,1896,44636,568,73076,30336,74404
arXiv,2012,82666,82666,1984,47844,571,80682,34822,82095
arXiv,2013,91048,91048,2096,50312,706,88952,40736,90342
arXiv,2014,95783,95783,2324,52848,849,93459,42935,94934
arXiv,2015,103211,103211,2454,53823,920,100757,49388,102291
arXiv,2016,111360,111360,2688,58921,1137,108672,52439,110223
arXiv,2017,121616,121616,2871,60909,1295,118745,60707,120321
arXiv,2018,137827,137827,3633,66088,1966,134194,71739,135861
arXiv,2019,152978,152978,3927,69171,2162,149051,83807,150816
arXiv,2020,174986,174986,4735,76000,2950,170251,98986,172036
arXiv,2021,178158,178158,5468,73764,3649,172690,104394,174509
arXiv,2022,182573,182573,5804,69586,4089,176769,112987,178484
arXiv,2023,205359,205359,6898,56916,5413,198461,148443,199946
arXiv,2024,237199,237199,5224,50272,3881,231975,186927,233318
arXiv,2025,273894,273894,2633,30295,1952,271261,243599,271942
bioRxiv,2013,87,87,5,1,4,82,86,83
bioRxiv,2014,824,824,42,140,40,782,684,784
bioRxiv,2015,1711,1711,63,229,53,1648,1482,1658
bioRxiv,2016,4583,4583,185,332,168,4398,4251,4415
bioRxiv,2017,11157,11157,518,2752,505,10639,8405,10652
bioRxiv,2018,20540,20540,948,14600,919,19592,5940,19621
bioRxiv,2019,28865,28865,1419,18932,1379,27446,9933,27486
bioRxiv,2020,38337,38337,2474,2865,2431,35863,35472,35906
bioRxiv,2021,36481,36481,2757,15087,2710,33724,21394,33771
bioRxiv,2022,35317,35317,2718,18373,2696,32599,16944,32621
bioRxiv,2023,38721,38721,3011,18094,2979,35710,20627,35742
bioRxiv,2024,42664,42664,2431,15668,2411,40233,26996,40253
bioRxiv,2025,43491,43491,1139,3513,1122,42352,39978,42369
eLife,2012,46,46,3,0,0,43,46,46
eLife,2013,309,309,18,1,1,291,308,308
eLife,2014,613,613,29,1,1,584,612,612
eLife,2015,931,931,38,2,3,893,929,928
eLife,2016,1128,1128,31,0,0,1097,1128,1128
eLife,2017,1210,1210,41,0,0,1169,1210,1210
eLife,2018,948,948,19,3,5,929,945,943
eLife,2019,988,988,17,1,1,971,987,987
eLife,2020,1092,1092,14,1,2,1078,1091,1090
eLife,2021,801,801,11,0,0,790,801,801
eLife,2022,557,557,6,0,1,551,557,556
eLife,2023,406,406,5,0,0,401,406,406
eLife,2024,207,207,8,0,0,199,207,207
eLife,2025,202,202,15,0,0,187,202,202
engrXiv,2016,31,31,27,3,17,4,28,14
engrXiv,2017,102,102,62,16,42,40,86,60
engrXiv,2018,234,234,105,68,11,129,166,223
engrXiv,2019,406,406,17,105,12,389,301,394
engrXiv,2020,621,621,28,150,23,593,471,598
engrXiv,2021,577,577,31,109,24,546,468,553
engrXiv,2022,417,417,16,1,13,401,416,404
engrXiv,2023,446,446,24,2,20,422,444,426
engrXiv,2024,558,558,31,2,24,527,556,534
engrXiv,2025,1054,1054,28,4,23,1026,1050,1031
medRxiv,2019,894,894,36,708,33,858,186,861
medRxiv,2020,13533,13533,860,9179,801,12673,4354,12732
medRxiv,2021,12393,12393,600,8761,570,11793,3632,11823
medRxiv,2022,10343,10343,489,5245,466,9854,5098,9877
medRxiv,2023,10842,10842,491,4240,471,10351,6602,10371
medRxiv,2024,12536,12536,445,3935,411,12091,8601,12125
medRxiv,2025,13359,13359,245,837,229,13114,12522,13130
prepare@u,2019,22,22,1,0,0,21,22,22
prepare@u,2020,27,27,0,0,0,27,27,27
prepare@u,2021,100,100,2,0,1,98,100,99
prepare@u,2022,27,27,0,0,0,27,27,27
prepare@u,2023,20,20,0,0,0,20,20,20
prepare@u,2024,27,27,0,0,0,27,27,27
prepare@u,2025,1,1,0,0,0,1,1,1
searchRxiv,2021,3,3,1,0,0,2,3,3
searchRxiv,2022,62,62,21,1,5,41,61,57
searchRxiv,2023,142,142,42,0,1,100,142,141
searchRxiv,2024,147,147,43,1,3,104,146,144
searchRxiv,2025,174,174,53,1,1,121,173,173
viXra,1994,1,1,1,0,0,0,1,1
viXra,1995,1,1,0,0,0,1,1,1
viXra,1996,2,2,0,0,0,2,2,2
viXra,1997,2,2,0,0,0,2,2,2
viXra,1999,2,2,1,0,0,1,2,2
viXra,2000,3,3,1,0,1,2,3,2
viXra,2001,4,4,0,0,0,4,4,4
viXra,2002,3,3,0,0,0,3,3,3
viXra,2004,14,14,2,0,2,12,14,12
viXra,2005,15,15,0,0,0,15,15,15
viXra,2006,13,13,1,0,1,12,13,12
viXra,2007,109,109,3,0,2,106,109,107
viXra,2008,66,66,0,0,0,66,66,66
viXra,2009,344,344,7,0,2,337,344,342
viXra,2010,599,599,17,1,10,582,598,589
viXra,2011,659,659,11,0,8,648,659,651
viXra,2012,1061,1061,19,0,12,1042,1061,1049
viXra,2013,1591,1591,33,1,15,1558,1590,1576
viXra,2014,2098,2098,20,1,8,2078,2097,2090
viXra,2015,2078,2078,27,1,13,2051,2077,2065
viXra,2016,2349,2349,40,2,17,2309,2347,2332
viXra,2017,2485,2485,31,1,18,2454,2484,2467
viXra,2018,2747,2747,40,1,21,2707,2746,2726
viXra,2019,2811,2811,36,3,23,2775,2808,2788
viXra,2020,2198,2198,31,1,21,2167,2197,2177
viXra,2021,1315,1315,21,3,17,1294,1312,1298
