server_name,year,count
AIJR Preprints,2020,71
AIJR Preprints,2021,25
AIJR Preprints,2022,19
AIJR Preprints,2023,16
AIJR Preprints,2024,6
AIJR Preprints,2025,4
AMRC Open Research,2019,7
AMRC Open Research,2020,6
AMRC Open Research,2021,13
AMRC Open Research,2022,1
APSA Preprints,2019,75
APSA Preprints,2020,264
APSA Preprints,2021,105
APSA Preprints,2022,180
APSA Preprints,2023,179
APSA Preprints,2024,136
APSA Preprints,2025,201
ARPHA Preprints,2020,15
ARPHA Preprints,2021,116
ARPHA Preprints,2022,154
ARPHA Preprints,2023,184
ARPHA Preprints,2024,178
ARPHA Preprints,2025,208
ART-Dok,2016,571
ART-Dok,2017,4774
ART-Dok,2018,673
ART-Dok,2019,478
ART-Dok,2020,457
ART-Dok,2021,455
ART-Dok,2022,427
ART-Dok,2023,647
ART-Dok,2024,562
ART-Dok,2025,485
Advance,2018,85
Advance,2019,304
Advance,2020,446
Advance,2021,376
Advance,2022,213
Advance,2023,198
Advance,2024,395
Advance,2025,321
AfricArXiv,2018,30
AfricArXiv,2019,56
AfricArXiv,2020,100
AfricArXiv,2021,100
AfricArXiv,2022,104
AfricArXiv,2023,58
AfricArXiv,2024,929
AfricArXiv,2025,206
AgEcon Search,2019,109399
AgEcon Search,2020,8560
AgEcon Search,2021,7338
AgEcon Search,2022,7944
AgEcon Search,2023,3137
AgEcon Search,2024,7987
AgEcon Search,2025,8921
AgriRxiv,2017,31
AgriRxiv,2018,60
AgriRxiv,2019,177
AgriRxiv,2020,169
AgriRxiv,2021,85
AgriRxiv,2022,46
AgriRxiv,2023,55
AgriRxiv,2024,66
AgriRxiv,2025,90
Arabixiv,2018,143
Arabixiv,2019,237
Arabixiv,2020,91
Authorea Inc.,2015,1
Authorea Inc.,2017,1
Authorea Inc.,2018,1
Authorea Inc.,2019,1
Authorea Inc.,2020,8272
Authorea Inc.,2021,6799
Authorea Inc.,2022,8262
Authorea Inc.,2023,9103
Authorea Inc.,2024,13019
Authorea Inc.,2025,10848
Beilstein Archives,2019,161
Beilstein Archives,2020,145
Beilstein Archives,2021,92
Beilstein Archives,2022,92
Beilstein Archives,2023,68
Beilstein Archives,2024,72
Beilstein Archives,2025,65
Bepress Legal Repository,2010,1
Bepress Legal Repository,2011,3
Bepress Legal Repository,2018,1
BioHackrXiv,2020,10
BioHackrXiv,2021,11
BioHackrXiv,2022,10
BioHackrXiv,2023,29
BioHackrXiv,2024,35
BioHackrXiv,2025,41
BodoArXiv,2019,39
BodoArXiv,2020,29
BodoArXiv,2021,15
BodoArXiv,2022,26
BodoArXiv,2023,5
BodoArXiv,2024,9
BodoArXiv,2025,28
CERN document server,2015,2
CERN document server,2016,3
CERN document server,2017,1
CERN document server,2018,1
CERN document server,2019,1
CERN document server,2020,2
CERN document server,2021,2
CERN document server,2022,1
CERN document server,2023,34
CERN document server,2024,58
CERN document server,2025,339
Cambridge Open Engage,2020,215
Cambridge Open Engage,2021,268
Cambridge Open Engage,2022,202
Cambridge Open Engage,2023,221
Cambridge Open Engage,2024,397
Cambridge Open Engage,2025,590
ChemRxiv,2017,151
ChemRxiv,2018,872
ChemRxiv,2019,2282
ChemRxiv,2020,3824
ChemRxiv,2021,4032
ChemRxiv,2022,4677
ChemRxiv,2023,5664
ChemRxiv,2024,6865
ChemRxiv,2025,7862
CoP,2022,4
CoP,2023,9
CoP,2024,9
CoP,2025,7
CogPrints,1990,8
CogPrints,1991,15
CogPrints,1992,10
CogPrints,1993,25
CogPrints,1994,32
CogPrints,1995,61
CogPrints,1996,41
CogPrints,1997,63
CogPrints,1998,70
CogPrints,1999,40
CogPrints,2000,61
CogPrints,2001,77
CogPrints,2002,100
CogPrints,2003,101
CogPrints,2004,87
CogPrints,2005,84
CogPrints,2006,68
CogPrints,2007,55
CogPrints,2008,76
CogPrints,2009,91
CogPrints,2010,95
CogPrints,2011,106
CogPrints,2012,64
CogPrints,2013,58
CogPrints,2014,41
CogPrints,2015,3
CogPrints,2016,1
CogPrints,2021,1
CogPrints,2023,1
Covid-19 Preprints,2020,121
Covid-19 Preprints,2021,31
Covid-19 Preprints,2022,48
Covid-19 Preprints,2023,34
Covid-19 Preprints,2024,32
Covid-19 Preprints,2025,27
CrimRxiv,1995,1
CrimRxiv,1998,1
CrimRxiv,2001,1
CrimRxiv,2003,1
CrimRxiv,2006,1
CrimRxiv,2007,1
CrimRxiv,2008,2
CrimRxiv,2009,2
CrimRxiv,2010,7
CrimRxiv,2011,4
CrimRxiv,2012,7
CrimRxiv,2013,6
CrimRxiv,2014,9
CrimRxiv,2015,10
CrimRxiv,2016,10
CrimRxiv,2017,27
CrimRxiv,2018,33
CrimRxiv,2019,61
CrimRxiv,2020,173
CrimRxiv,2021,371
CrimRxiv,2022,695
CrimRxiv,2023,323
CrimRxiv,2024,345
CrimRxiv,2025,484
CrossAsia-Repository,2022,16
CrossAsia-Repository,2023,22
CrossAsia-Repository,2024,332
CrossAsia-Repository,2025,90
DSpace@MIT,1990,66
DSpace@MIT,1991,82
DSpace@MIT,1992,59
DSpace@MIT,1993,69
DSpace@MIT,1994,64
DSpace@MIT,1995,84
DSpace@MIT,1996,84
DSpace@MIT,1997,95
DSpace@MIT,1998,87
DSpace@MIT,1999,79
DSpace@MIT,2000,85
DSpace@MIT,2001,124
DSpace@MIT,2002,259
DSpace@MIT,2003,260
DSpace@MIT,2004,254
DSpace@MIT,2005,278
DSpace@MIT,2006,202
DSpace@MIT,2007,216
DSpace@MIT,2008,235
DSpace@MIT,2009,675
DSpace@MIT,2010,806
DSpace@MIT,2011,756
DSpace@MIT,2012,776
DSpace@MIT,2013,872
DSpace@MIT,2014,926
DSpace@MIT,2015,1073
DSpace@MIT,2016,1106
DSpace@MIT,2017,946
DSpace@MIT,2018,770
DSpace@MIT,2019,446
DSpace@MIT,2020,286
DSpace@MIT,2021,223
DSpace@MIT,2022,23
DSpace@MIT,2023,4
DSpace@MIT,2024,1
DSpace@MIT,2025,13
Digital Access to Scholarship at Harvard (DASH) (Harvard University),1990,62
Digital Access to Scholarship at Harvard (DASH) (Harvard University),1991,38
Digital Access to Scholarship at Harvard (DASH) (Harvard University),1992,36
Digital Access to Scholarship at Harvard (DASH) (Harvard University),1993,28
Digital Access to Scholarship at Harvard (DASH) (Harvard University),1994,53
Digital Access to Scholarship at Harvard (DASH) (Harvard University),1995,74
Digital Access to Scholarship at Harvard (DASH) (Harvard University),1996,39
Digital Access to Scholarship at Harvard (DASH) (Harvard University),1997,87
Digital Access to Scholarship at Harvard (DASH) (Harvard University),1998,64
Digital Access to Scholarship at Harvard (DASH) (Harvard University),1999,60
Digital Access to Scholarship at Harvard (DASH) (Harvard University),2000,103
Digital Access to Scholarship at Harvard (DASH) (Harvard University),2001,128
Digital Access to Scholarship at Harvard (DASH) (Harvard University),2002,161
Digital Access to Scholarship at Harvard (DASH) (Harvard University),2003,130
Digital Access to Scholarship at Harvard (DASH) (Harvard University),2004,163
Digital Access to Scholarship at Harvard (DASH) (Harvard University),2005,153
Digital Access to Scholarship at Harvard (DASH) (Harvard University),2006,149
Digital Access to Scholarship at Harvard (DASH) (Harvard University),2007,140
Digital Access to Scholarship at Harvard (DASH) (Harvard University),2008,173
Digital Access to Scholarship at Harvard (DASH) (Harvard University),2009,266
Digital Access to Scholarship at Harvard (DASH) (Harvard University),2010,293
Digital Access to Scholarship at Harvard (DASH) (Harvard University),2011,312
Digital Access to Scholarship at Harvard (DASH) (Harvard University),2012,273
Digital Access to Scholarship at Harvard (DASH) (Harvard University),2013,257
Digital Access to Scholarship at Harvard (DASH) (Harvard University),2014,223
Digital Access to Scholarship at Harvard (DASH) (Harvard University),2015,235
Digital Access to Scholarship at Harvard (DASH) (Harvard University),2016,193
Digital Access to Scholarship at Harvard (DASH) (Harvard University),2017,171
Digital Access to Scholarship at Harvard (DASH) (Harvard University),2018,115
Digital Access to Scholarship at Harvard (DASH) (Harvard University),2019,97
Digital Access to Scholarship at Harvard (DASH) (Harvard University),2020,197
Digital Access to Scholarship at Harvard (DASH) (Harvard University),2021,794
Digital Access to Scholarship at Harvard (DASH) (Harvard University),2022,1168
Digital Access to Scholarship at Harvard (DASH) (Harvard University),2023,1236
Digital Access to Scholarship at Harvard (DASH) (Harvard University),2024,1237
Digital Access to Scholarship at Harvard (DASH) (Harvard University),2025,667
E-LIS Repository,1990,14
E-LIS Repository,1991,14
E-LIS Repository,1992,18
E-LIS Repository,1993,13
E-LIS Repository,1994,22
E-LIS Repository,1995,47
E-LIS Repository,1996,57
E-LIS Repository,1997,83
E-LIS Repository,1998,75
E-LIS Repository,1999,141
E-LIS Repository,2000,176
E-LIS Repository,2001,250
E-LIS Repository,2002,344
E-LIS Repository,2003,432
E-LIS Repository,2004,541
E-LIS Repository,2005,570
E-LIS Repository,2006,677
E-LIS Repository,2007,652
E-LIS Repository,2008,572
E-LIS Repository,2009,611
E-LIS Repository,2010,470
E-LIS Repository,2011,514
E-LIS Repository,2012,493
E-LIS Repository,2013,462
E-LIS Repository,2014,356
E-LIS Repository,2015,253
E-LIS Repository,2016,289
E-LIS Repository,2017,180
E-LIS Repository,2018,148
E-LIS Repository,2019,132
E-LIS Repository,2020,169
E-LIS Repository,2021,80
E-LIS Repository,2022,17
E-LIS Repository,2023,32
E-LIS Repository,2024,95
E-LIS Repository,2025,55
ECSarXiv,2018,32
ECSarXiv,2019,67
ECSarXiv,2020,74
ECSarXiv,2021,23
ECSarXiv,2022,46
ECSarXiv,2023,21
ECSarXiv,2024,20
ECSarXiv,2025,14
EGUsphere,2022,916
EGUsphere,2023,2195
EGUsphere,2024,2842
EGUsphere,2025,4030
ELPUB (Universitat Wuppertal),2024,34
ELPUB (Universitat Wuppertal),2025,7
Earth and Space Science Open Archive,2018,319
Earth and Space Science Open Archive,2019,868
Earth and Space Science Open Archive,2020,3145
Earth and Space Science Open Archive,2021,3740
Earth and Space Science Open Archive,2022,2955
Earth and Space Science Open Archive,2023,2482
Earth and Space Science Open Archive,2024,2456
Earth and Space Science Open Archive,2025,3187
EarthArXiv,2017,200
EarthArXiv,2018,487
EarthArXiv,2019,639
EarthArXiv,2020,666
EarthArXiv,2021,817
EarthArXiv,2022,705
EarthArXiv,2023,841
EarthArXiv,2024,858
EarthArXiv,2025,1113
EasyChair preprint,2017,4
EasyChair preprint,2018,491
EasyChair preprint,2019,116
EasyChair preprint,2020,2
EcoEvoRxiv,2018,24
EcoEvoRxiv,2019,139
EcoEvoRxiv,2020,213
EcoEvoRxiv,2021,328
EcoEvoRxiv,2022,280
EcoEvoRxiv,2023,396
EcoEvoRxiv,2024,579
EcoEvoRxiv,2025,847
EconStor Preprints,1990,446
EconStor Preprints,1991,442
EconStor Preprints,1992,482
EconStor Preprints,1993,517
EconStor Preprints,1994,583
EconStor Preprints,1995,554
EconStor Preprints,1996,571
EconStor Preprints,1997,786
EconStor Preprints,1998,1213
EconStor Preprints,1999,1307
EconStor Preprints,2000,1609
EconStor Preprints,2001,1792
EconStor Preprints,2002,2027
EconStor Preprints,2003,2312
EconStor Preprints,2004,2456
EconStor Preprints,2005,2507
EconStor Preprints,2006,2598
EconStor Preprints,2007,2292
EconStor Preprints,2008,2589
EconStor Preprints,2009,2876
EconStor Preprints,2010,3096
EconStor Preprints,2011,3670
EconStor Preprints,2012,3357
EconStor Preprints,2013,3587
EconStor Preprints,2014,3840
EconStor Preprints,2015,3917
EconStor Preprints,2016,3641
EconStor Preprints,2017,3538
EconStor Preprints,2018,3328
EconStor Preprints,2019,2528
EconStor Preprints,2020,1940
EconStor Preprints,2021,1134
EconStor Preprints,2022,396
EconStor Preprints,2023,193
EconStor Preprints,2024,356
EconStor Preprints,2025,778
EdArXiv,2019,122
EdArXiv,2020,516
EdArXiv,2021,246
EdArXiv,2022,217
EdArXiv,2023,310
EdArXiv,2024,275
EdArXiv,2025,515
Electron Colloquium Comput Complex,2016,1
Electron Colloquium Comput Complex,2017,27
Electron Colloquium Comput Complex,2018,36
Electron Colloquium Comput Complex,2019,32
Electron Colloquium Comput Complex,2020,21
Electron Colloquium Comput Complex,2021,23
EmeRI,2020,8
Encyclopedia,2018,4
Encyclopedia,2019,34
Encyclopedia,2020,123
EnerarXiv,2020,199
EnerarXiv,2021,1
EnerarXiv,2022,1
F1000Research,2012,71
F1000Research,2013,294
F1000Research,2014,318
F1000Research,2015,422
F1000Research,2016,730
F1000Research,2017,742
F1000Research,2018,861
F1000Research,2019,803
F1000Research,2020,834
F1000Research,2021,900
F1000Research,2022,1178
F1000Research,2023,1280
F1000Research,2024,1207
F1000Research,2025,1028
FocUS Archive,2017,5
FocUS Archive,2018,35
FocUS Archive,2019,4
FocUS Archive,2020,1
FocUS Archive,2021,7
FocUS Archive,2022,2
FocUS Archive,2023,7
FocUS Archive,2024,10
FocUS Archive,2025,8
Frenxiv,2018,31
Frenxiv,2019,21
Frenxiv,2020,52
Gates Open Research,2017,17
Gates Open Research,2018,57
Gates Open Research,2019,119
Gates Open Research,2020,87
Gates Open Research,2021,67
Gates Open Research,2022,59
Gates Open Research,2023,54
Gates Open Research,2024,39
Gates Open Research,2025,3
HAL,1990,5245
HAL,1991,5523
HAL,1992,7061
HAL,1993,7237
HAL,1994,9016
HAL,1995,8994
HAL,1996,9830
HAL,1997,10014
HAL,1998,10472
HAL,1999,10660
HAL,2000,11576
HAL,2001,12004
HAL,2002,14130
HAL,2003,17256
HAL,2004,20136
HAL,2005,27398
HAL,2006,31798
HAL,2007,34561
HAL,2008,35385
HAL,2009,37569
HAL,2010,40833
HAL,2011,42778
HAL,2012,47798
HAL,2013,50124
HAL,2014,53389
HAL,2015,56737
HAL,2016,60240
HAL,2017,61471
HAL,2018,60944
HAL,2019,59897
HAL,2020,43815
HAL,2021,55704
HAL,2022,47654
HAL,2023,19656
HAL,2024,4782
HAL,2025,3601
HANS Publication PrePrints,2016,28
HANS Publication PrePrints,2017,36
HANS Publication PrePrints,2018,11
HRB Open Research,2018,28
HRB Open Research,2019,36
HRB Open Research,2020,95
HRB Open Research,2021,131
HRB Open Research,2022,81
HRB Open Research,2023,76
HRB Open Research,2024,76
HRB Open Research,2025,124
Humanities Commons CORE,2015,166
Humanities Commons CORE,2016,325
Humanities Commons CORE,2017,1249
Humanities Commons CORE,2018,974
Humanities Commons CORE,2019,1157
Humanities Commons CORE,2020,1256
Humanities Commons CORE,2021,1366
Humanities Commons CORE,2022,1405
Humanities Commons CORE,2023,4179
Humanities Commons CORE,2024,2879
Humanities Commons CORE,2025,1787
IACR Cryptology ePrint Archive,1996,6
IACR Cryptology ePrint Archive,1997,5
IACR Cryptology ePrint Archive,1998,9
IACR Cryptology ePrint Archive,1999,10
IACR Cryptology ePrint Archive,2000,38
IACR Cryptology ePrint Archive,2001,86
IACR Cryptology ePrint Archive,2002,144
IACR Cryptology ePrint Archive,2003,192
IACR Cryptology ePrint Archive,2004,279
IACR Cryptology ePrint Archive,2005,376
IACR Cryptology ePrint Archive,2006,367
IACR Cryptology ePrint Archive,2007,366
IACR Cryptology ePrint Archive,2008,416
IACR Cryptology ePrint Archive,2009,490
IACR Cryptology ePrint Archive,2010,503
IACR Cryptology ePrint Archive,2011,566
IACR Cryptology ePrint Archive,2012,534
IACR Cryptology ePrint Archive,2013,623
IACR Cryptology ePrint Archive,2014,746
IACR Cryptology ePrint Archive,2015,888
IACR Cryptology ePrint Archive,2016,718
IACR Cryptology ePrint Archive,2017,617
IACR Cryptology ePrint Archive,2018,591
IACR Cryptology ePrint Archive,2019,643
IACR Cryptology ePrint Archive,2020,743
IACR Cryptology ePrint Archive,2021,660
IACR Cryptology ePrint Archive,2023,20
IACR Cryptology ePrint Archive,2024,7
INA-Rxiv,2017,1467
INA-Rxiv,2018,4105
INA-Rxiv,2019,8558
INA-Rxiv,2020,1006
IndiaRxiv,2019,40
IndiaRxiv,2020,60
IndiaRxiv,2023,3
IndiaRxiv,2024,2
IndiaRxiv,2025,1
JMIR Preprints,2013,1
JMIR Preprints,2014,1
JMIR Preprints,2015,5
JMIR Preprints,2016,45
JMIR Preprints,2017,1112
JMIR Preprints,2018,2515
JMIR Preprints,2019,2608
JMIR Preprints,2020,5372
JMIR Preprints,2021,4713
JMIR Preprints,2022,4423
JMIR Preprints,2023,5349
JMIR Preprints,2024,5081
JMIR Preprints,2025,4644
Jxiv,2022,97
Jxiv,2023,165
Jxiv,2024,208
Jxiv,2025,291
Jxiv,2026,122
Keldysh Institute Preprints,1981,1
Keldysh Institute Preprints,1984,1
Keldysh Institute Preprints,2016,142
Keldysh Institute Preprints,2017,141
Keldysh Institute Preprints,2018,271
Keldysh Institute Preprints,2019,152
Keldysh Institute Preprints,2020,128
Keldysh Institute Preprints,2021,105
Keldysh Institute Preprints,2022,101
Keldysh Institute Preprints,2023,74
Keldysh Institute Preprints,2024,82
Keldysh Institute Preprints,2025,1
LIS Scholarship Archive,2017,53
LIS Scholarship Archive,2018,77
LIS Scholarship Archive,2019,123
LIS Scholarship Archive,2020,57
LIS Scholarship Archive,2021,1
LIS Scholarship Archive,2024,7
LIS Scholarship Archive,2025,10
LSE Research Online Documents on Economics,1997,2
LSE Research Online Documents on Economics,1998,1
LSE Research Online Documents on Economics,1999,2
LSE Research Online Documents on Economics,2000,1
LSE Research Online Documents on Economics,2001,3
LSE Research Online Documents on Economics,2002,3
LSE Research Online Documents on Economics,2003,5
LSE Research Online Documents on Economics,2004,4
LSE Research Online Documents on Economics,2005,1
LSE Research Online Documents on Economics,2006,2
LSE Research Online Documents on Economics,2007,3
LSE Research Online Documents on Economics,2008,2
LSE Research Online Documents on Economics,2009,8
LSE Research Online Documents on Economics,2010,3
LSE Research Online Documents on Economics,2011,6
LSE Research Online Documents on Economics,2012,5
LSE Research Online Documents on Economics,2013,7
LSE Research Online Documents on Economics,2014,6
LSE Research Online Documents on Economics,2015,4
LSE Research Online Documents on Economics,2016,6
LSE Research Online Documents on Economics,2017,6
LSE Research Online Documents on Economics,2018,5
LSE Research Online Documents on Economics,2019,6
LSE Research Online Documents on Economics,2020,11
LSE Research Online Documents on Economics,2021,8
LatArXiv,2024,42
LatArXiv,2025,73
Law Archive,2016,17
Law Archive,2017,332
Law Archive,2018,497
Law Archive,2019,187
Law Archive,2020,166
Law Archive,2021,14
Law Archive,2023,10
Law Archive,2024,30
Law Archive,2025,108
MNI Open Research,2017,3
MNI Open Research,2018,6
MNI Open Research,2019,2
MNI Open Research,2020,2
MarXiv,2017,16
MarXiv,2018,329
MarXiv,2019,111
MarXiv,2020,20
MarXiv,2024,2
MarXiv,2025,2
MediArXiv,2019,65
MediArXiv,2020,39
MediArXiv,2021,49
MediArXiv,2022,40
MediArXiv,2023,33
MediArXiv,2024,20
MediArXiv,2025,33
MetaArXiv,2017,16
MetaArXiv,2018,21
MetaArXiv,2019,51
MetaArXiv,2020,119
MetaArXiv,2021,107
MetaArXiv,2022,143
MetaArXiv,2023,88
MetaArXiv,2024,75
MetaArXiv,2025,100
MindRxiv,2017,61
MindRxiv,2018,59
MindRxiv,2019,64
MindRxiv,2020,29
MindRxiv,2021,42
MindRxiv,2022,25
MindRxiv,2023,1
MindRxiv,2024,1
Munich Personal RePEc Archive,1990,17
Munich Personal RePEc Archive,1991,37
Munich Personal RePEc Archive,1992,41
Munich Personal RePEc Archive,1993,49
Munich Personal RePEc Archive,1994,61
Munich Personal RePEc Archive,1995,48
Munich Personal RePEc Archive,1996,53
Munich Personal RePEc Archive,1997,76
Munich Personal RePEc Archive,1998,89
Munich Personal RePEc Archive,1999,105
Munich Personal RePEc Archive,2000,156
Munich Personal RePEc Archive,2001,168
Munich Personal RePEc Archive,2002,181
Munich Personal RePEc Archive,2003,220
Munich Personal RePEc Archive,2004,238
Munich Personal RePEc Archive,2005,358
Munich Personal RePEc Archive,2006,543
Munich Personal RePEc Archive,2007,865
Munich Personal RePEc Archive,2008,1190
Munich Personal RePEc Archive,2009,1746
Munich Personal RePEc Archive,2010,2141
Munich Personal RePEc Archive,2011,2995
Munich Personal RePEc Archive,2012,3510
Munich Personal RePEc Archive,2013,3491
Munich Personal RePEc Archive,2014,4512
Munich Personal RePEc Archive,2015,4838
Munich Personal RePEc Archive,2016,5045
Munich Personal RePEc Archive,2017,5181
Munich Personal RePEc Archive,2018,4871
Munich Personal RePEc Archive,2019,4763
Munich Personal RePEc Archive,2020,4615
Munich Personal RePEc Archive,2021,7327
Munich Personal RePEc Archive,2022,6151
Munich Personal RePEc Archive,2023,2051
Munich Personal RePEc Archive,2024,42
Munich Personal RePEc Archive,2025,3
National Bureau of Economic Research,1990,20
National Bureau of Economic Research,1991,16
National Bureau of Economic Research,1992,19
National Bureau of Economic Research,1993,26
National Bureau of Economic Research,1994,27
National Bureau of Economic Research,1995,31
National Bureau of Economic Research,1996,35
National Bureau of Economic Research,1997,51
National Bureau of Economic Research,1998,49
National Bureau of Economic Research,1999,55
National Bureau of Economic Research,2000,58
National Bureau of Economic Research,2001,57
National Bureau of Economic Research,2002,51
National Bureau of Economic Research,2003,74
National Bureau of Economic Research,2004,73
National Bureau of Economic Research,2005,82
National Bureau of Economic Research,2006,73
National Bureau of Economic Research,2007,112
National Bureau of Economic Research,2008,96
National Bureau of Economic Research,2009,102
National Bureau of Economic Research,2010,149
National Bureau of Economic Research,2011,117
National Bureau of Economic Research,2012,87
National Bureau of Economic Research,2013,67
National Bureau of Economic Research,2014,63
National Bureau of Economic Research,2015,56
National Bureau of Economic Research,2021,49
National Bureau of Economic Research,2023,2
Nature Precedings,2006,4
Nature Precedings,2007,245
Nature Precedings,2008,576
Nature Precedings,2009,655
Nature Precedings,2010,712
Nature Precedings,2011,778
Nature Precedings,2012,230
NewAddictionsX,2024,2
NewAddictionsX,2025,2
NutriXiv,2017,13
NutriXiv,2018,13
NutriXiv,2019,27
NutriXiv,2020,31
NutriXiv,2024,1
Open Research Africa,2018,28
Open Research Africa,2019,31
Open Research Africa,2020,36
Open Research Africa,2021,31
Open Research Africa,2022,18
Open Research Africa,2023,8
Open Research Africa,2024,7
Open Research Africa,2025,21
Open Research Europe,2021,147
Open Research Europe,2022,140
Open Research Europe,2023,210
Open Research Europe,2024,267
Open Research Europe,2025,357
Open Science Framework,2016,238
Open Science Framework,2017,3197
Open Science Framework,2018,4869
Open Science Framework,2019,6792
Open Science Framework,2020,12789
Open Science Framework,2021,18079
Open Science Framework,2022,20049
Open Science Framework,2023,19456
Open Science Framework,2024,6356
Open Science Framework,2025,5790
Organic Eprints,1990,1
Organic Eprints,1991,2
Organic Eprints,1992,2
Organic Eprints,1993,4
Organic Eprints,1994,5
Organic Eprints,1995,13
Organic Eprints,1996,13
Organic Eprints,1997,20
Organic Eprints,1998,33
Organic Eprints,1999,54
Organic Eprints,2000,166
Organic Eprints,2001,207
Organic Eprints,2002,485
Organic Eprints,2003,603
Organic Eprints,2004,532
Organic Eprints,2005,722
Organic Eprints,2006,714
Organic Eprints,2007,607
Organic Eprints,2008,803
Organic Eprints,2009,611
Organic Eprints,2010,531
Organic Eprints,2011,729
Organic Eprints,2012,511
Organic Eprints,2013,806
Organic Eprints,2014,742
Organic Eprints,2015,722
Organic Eprints,2016,501
Organic Eprints,2017,683
Organic Eprints,2018,947
Organic Eprints,2019,900
Organic Eprints,2020,657
Organic Eprints,2021,366
Organic Eprints,2022,14
Organic Eprints,2023,27
Organic Eprints,2024,17
Organic Eprints,2025,4
Oroboros Instruments,2019,8
Oroboros Instruments,2020,1
Oroboros Instruments,2021,1
Oroboros Instruments,2022,18
Oroboros Instruments,2023,10
Oroboros Instruments,2024,9
Oroboros Instruments,2025,21
PREPRINTS.RU,2019,9
PREPRINTS.RU,2020,116
PREPRINTS.RU,2021,127
PREPRINTS.RU,2022,145
PREPRINTS.RU,2023,173
PREPRINTS.RU,2024,233
PREPRINTS.RU,2025,546
PaleorXiv,2017,1
PaleorXiv,2018,37
PaleorXiv,2019,37
PaleorXiv,2020,20
PaleorXiv,2021,36
PaleorXiv,2022,4
PaleorXiv,2023,8
PaleorXiv,2024,10
PaleorXiv,2025,13
PeerJ Preprints,2013,183
PeerJ Preprints,2014,583
PeerJ Preprints,2015,845
PeerJ Preprints,2016,1080
PeerJ Preprints,2017,841
PeerJ Preprints,2018,1071
PeerJ Preprints,2019,560
PhilSci-Archive,1990,2
PhilSci-Archive,1991,1
PhilSci-Archive,1994,2
PhilSci-Archive,1995,2
PhilSci-Archive,1996,4
PhilSci-Archive,1997,8
PhilSci-Archive,1998,9
PhilSci-Archive,1999,6
PhilSci-Archive,2000,22
PhilSci-Archive,2001,64
PhilSci-Archive,2002,76
PhilSci-Archive,2003,64
PhilSci-Archive,2004,57
PhilSci-Archive,2005,56
PhilSci-Archive,2006,82
PhilSci-Archive,2007,124
PhilSci-Archive,2008,100
PhilSci-Archive,2009,126
PhilSci-Archive,2010,97
PhilSci-Archive,2011,87
PhilSci-Archive,2012,98
PhilSci-Archive,2013,122
PhilSci-Archive,2014,150
PhilSci-Archive,2015,101
PhilSci-Archive,2016,139
PhilSci-Archive,2017,122
PhilSci-Archive,2018,160
PhilSci-Archive,2019,137
PhilSci-Archive,2020,171
PhilSci-Archive,2021,115
PhilSci-Archive,2022,10
PhilSci-Archive,2023,3
PhilSci-Archive,2024,1
PhilSci-Archive,2025,21
PoolText,2019,79
Preprints.org,2016,854
Preprints.org,2017,1878
Preprints.org,2018,5339
Preprints.org,2019,3420
Preprints.org,2020,6166
Preprints.org,2021,7000
Preprints.org,2022,5424
Preprints.org,2023,19993
Preprints.org,2024,26102
Preprints.org,2025,28025
Prepublicaciones OpenCiencia,2020,4
Prepublicaciones OpenCiencia,2021,3
PropylaeumDok,2016,342
PropylaeumDok,2017,3335
PropylaeumDok,2018,416
PropylaeumDok,2019,375
PropylaeumDok,2020,370
PropylaeumDok,2021,209
PropylaeumDok,2022,371
PropylaeumDok,2023,292
PropylaeumDok,2024,599
PropylaeumDok,2025,355
PsyArXiv,2016,195
PsyArXiv,2017,411
PsyArXiv,2018,1584
PsyArXiv,2019,3555
PsyArXiv,2020,6288
PsyArXiv,2021,6638
PsyArXiv,2022,6238
PsyArXiv,2023,6736
PsyArXiv,2024,7053
PsyArXiv,2025,8560
Qeios,2018,35
Qeios,2019,940
Qeios,2020,102372
Qeios,2021,332
Qeios,2022,844
Qeios,2023,2315
Qeios,2024,3171
Qeios,2025,869
RePEc: Research Papers in Economics,1990,3375
RePEc: Research Papers in Economics,1991,3913
RePEc: Research Papers in Economics,1992,4168
RePEc: Research Papers in Economics,1993,4160
RePEc: Research Papers in Economics,1994,4191
RePEc: Research Papers in Economics,1995,5069
RePEc: Research Papers in Economics,1996,5358
RePEc: Research Papers in Economics,1997,5625
RePEc: Research Papers in Economics,1998,6420
RePEc: Research Papers in Economics,1999,7151
RePEc: Research Papers in Economics,2000,8052
RePEc: Research Papers in Economics,2001,8156
RePEc: Research Papers in Economics,2002,9253
RePEc: Research Papers in Economics,2003,11230
RePEc: Research Papers in Economics,2004,13202
RePEc: Research Papers in Economics,2005,15119
RePEc: Research Papers in Economics,2006,15746
RePEc: Research Papers in Economics,2007,15745
RePEc: Research Papers in Economics,2008,16738
RePEc: Research Papers in Economics,2009,17791
RePEc: Research Papers in Economics,2010,18805
RePEc: Research Papers in Economics,2011,19317
RePEc: Research Papers in Economics,2012,18981
RePEc: Research Papers in Economics,2013,19881
RePEc: Research Papers in Economics,2014,20451
RePEc: Research Papers in Economics,2015,20510
RePEc: Research Papers in Economics,2016,19256
RePEc: Research Papers in Economics,2017,14526
RePEc: Research Papers in Economics,2018,11937
RePEc: Research Papers in Economics,2019,10126
RePEc: Research Papers in Economics,2020,11041
RePEc: Research Papers in Economics,2021,6982
RePEc: Research Papers in Economics,2022,528
RePEc: Research Papers in Economics,2023,157
RePEc: Research Papers in Economics,2024,314
RePEc: Research Papers in Economics,2025,197
Research Square,2018,142
Research Square,2019,9775
Research Square,2020,45525
Research Square,2021,67778
Research Square,2022,67941
Research Square,2023,76426
Research Square,2024,67963
Research Square,2025,55332
ResearchGate,2014,25
ResearchGate,2015,122
ResearchGate,2016,116
ResearchGate,2017,729
ResearchGate,2018,12715
ResearchGate,2019,17530
ResearchGate,2020,22314
ResearchGate,2021,18518
ResearchGate,2022,13192
ResearchGate,2023,18501
ResearchGate,2024,27934
ResearchGate,2025,38349
ResearchHub,2022,62
ResearchHub,2023,140
ResearchHub,2024,155
ResearchHub,2025,1015
SAE Mobilus®,2021,33
SAE Mobilus®,2022,42
SAE Mobilus®,2023,16
SAE Mobilus®,2024,13
SSRN,1961,1
SSRN,1967,1
SSRN,1969,1
SSRN,1971,2
SSRN,1972,1
SSRN,1976,2
SSRN,1978,2
SSRN,1981,2
SSRN,1982,1
SSRN,1983,2
SSRN,1984,2
SSRN,1987,4
SSRN,1988,1
SSRN,1990,4
SSRN,1991,11
SSRN,1992,9
SSRN,1993,9
SSRN,1994,7
SSRN,1995,25
SSRN,1996,165
SSRN,1997,585
SSRN,1998,1304
SSRN,1999,1637
SSRN,2000,3145
SSRN,2001,4570
SSRN,2002,4421
SSRN,2003,6372
SSRN,2004,6074
SSRN,2005,8042
SSRN,2006,9231
SSRN,2007,11324
SSRN,2008,15514
SSRN,2009,17452
SSRN,2010,19991
SSRN,2011,22309
SSRN,2012,24806
SSRN,2013,24766
SSRN,2014,23585
SSRN,2015,22928
SSRN,2016,23655
SSRN,2017,25418
SSRN,2018,27780
SSRN,2019,33926
SSRN,2020,41445
SSRN,2021,53699
SSRN,2022,116524
SSRN,2023,141660
SSRN,2024,193229
SSRN,2025,237706
SciELO Preprints,2020,509
SciELO Preprints,2021,512
SciELO Preprints,2022,620
SciELO Preprints,2023,682
SciELO Preprints,2024,764
SciELO Preprints,2025,996
ScienceOpen Preprints,2014,101
ScienceOpen Preprints,2015,135
ScienceOpen Preprints,2016,95
ScienceOpen Preprints,2017,194
ScienceOpen Preprints,2018,120
ScienceOpen Preprints,2019,182
ScienceOpen Preprints,2020,402
ScienceOpen Preprints,2021,447
ScienceOpen Preprints,2022,581
ScienceOpen Preprints,2023,562
ScienceOpen Preprints,2024,499
ScienceOpen Preprints,2025,460
Sciencepaper Online,2024,19
Sciencepaper Online,2025,78
SocArXiv,2016,467
SocArXiv,2017,533
SocArXiv,2018,722
SocArXiv,2019,1467
SocArXiv,2020,2097
SocArXiv,2021,2570
SocArXiv,2022,2134
SocArXiv,2023,2120
SocArXiv,2024,2070
SocArXiv,2025,2740
Social Science Open Access Repository,1990,148
Social Science Open Access Repository,1991,195
Social Science Open Access Repository,1992,174
Social Science Open Access Repository,1993,235
Social Science Open Access Repository,1994,321
Social Science Open Access Repository,1995,538
Social Science Open Access Repository,1996,463
Social Science Open Access Repository,1997,496
Social Science Open Access Repository,1998,437
Social Science Open Access Repository,1999,474
Social Science Open Access Repository,2000,529
Social Science Open Access Repository,2001,528
Social Science Open Access Repository,2002,615
Social Science Open Access Repository,2003,673
Social Science Open Access Repository,2004,866
Social Science Open Access Repository,2005,993
Social Science Open Access Repository,2006,1352
Social Science Open Access Repository,2007,1071
Social Science Open Access Repository,2008,1572
Social Science Open Access Repository,2009,1125
Social Science Open Access Repository,2010,1143
Social Science Open Access Repository,2011,962
Social Science Open Access Repository,2012,1323
Social Science Open Access Repository,2013,1147
Social Science Open Access Repository,2014,1039
Social Science Open Access Repository,2015,1083
Social Science Open Access Repository,2016,1048
Social Science Open Access Repository,2017,1285
Social Science Open Access Repository,2018,1298
Social Science Open Access Repository,2019,1278
Social Science Open Access Repository,2020,1342
Social Science Open Access Repository,2021,731
Social Science Open Access Repository,2022,124
Social Science Open Access Repository,2023,62
Social Science Open Access Repository,2024,49
Social Science Open Access Repository,2025,198
SportRxiv,2017,5
SportRxiv,2018,30
SportRxiv,2019,94
SportRxiv,2020,124
SportRxiv,2021,111
SportRxiv,2022,118
SportRxiv,2023,97
SportRxiv,2024,109
SportRxiv,2025,136
TechRxiv,2019,80
TechRxiv,2020,967
TechRxiv,2021,1857
TechRxiv,2022,2404
TechRxiv,2023,3057
TechRxiv,2024,3189
TechRxiv,2025,5121
Therapoid,2017,2
Therapoid,2023,4
Thesis Commons,2017,16
Thesis Commons,2018,134
Thesis Commons,2019,301
Thesis Commons,2020,605
Thesis Commons,2021,491
Thesis Commons,2022,598
Thesis Commons,2023,314
Thesis Commons,2024,292
Thesis Commons,2025,244
UCL Open Environment,1997,20
UCL Open Environment,1998,18
UCL Open Environment,1999,20
UCL Open Environment,2000,28
UCL Open Environment,2001,29
UCL Open Environment,2002,27
UCL Open Environment,2003,49
UCL Open Environment,2004,49
UCL Open Environment,2005,41
UCL Open Environment,2006,48
UCL Open Environment,2007,61
UCL Open Environment,2008,79
UCL Open Environment,2009,70
UCL Open Environment,2010,63
UCL Open Environment,2011,81
UCL Open Environment,2012,94
UCL Open Environment,2013,89
UCL Open Environment,2014,106
UCL Open Environment,2015,128
UCL Open Environment,2016,131
UCL Open Environment,2017,171
UCL Open Environment,2018,211
UCL Open Environment,2019,184
UCL Open Environment,2020,267
UCL Open Environment,2021,252
UCL Open Environment,2022,218
UCL Open Environment,2023,216
UCL Open Environment,2024,175
UCL Open Environment,2025,238
UnisaRxiv,2020,1
UnisaRxiv,2021,24
UnisaRxiv,2022,21
UnisaRxiv,2023,11
UnisaRxiv,2024,39
UnisaRxiv,2025,24
VeriXiv,2024,31
VeriXiv,2025,395
Wellcome Open Research,2016,31
Wellcome Open Research,2017,118
Wellcome Open Research,2018,160
Wellcome Open Research,2019,190
Wellcome Open Research,2020,268
Wellcome Open Research,2021,327
Wellcome Open Research,2022,296
Wellcome Open Research,2023,577
Wellcome Open Research,2024,692
Wellcome Open Research,2025,619
Zenodo,2013,5
Zenodo,2014,76
Zenodo,2015,21
Zenodo,2016,62
Zenodo,2017,125
Zenodo,2018,294
Zenodo,2019,716
Zenodo,2020,1052
Zenodo,2021,1492
Zenodo,2022,1742
Zenodo,2023,1872
Zenodo,2024,4251
Zenodo,2025,56310
arXiv,2022,2120746
arXiv,2023,204032
arXiv,2024,236989
arXiv,2025,274020
bioRxiv,2013,107
bioRxiv,2014,881
bioRxiv,2015,1758
bioRxiv,2016,4702
bioRxiv,2017,11312
bioRxiv,2018,20706
bioRxiv,2019,29032
bioRxiv,2020,38483
bioRxiv,2021,36601
bioRxiv,2022,35380
bioRxiv,2023,38791
bioRxiv,2024,42724
bioRxiv,2025,43539
eLife,2012,46
eLife,2013,318
eLife,2014,630
eLife,2015,994
eLife,2016,1178
eLife,2017,1247
eLife,2018,1004
eLife,2019,1076
eLife,2020,1189
eLife,2021,954
eLife,2022,687
eLife,2023,503
eLife,2024,214
eLife,2025,211
engrXiv,2016,37
engrXiv,2017,90
engrXiv,2018,156
engrXiv,2019,427
engrXiv,2020,637
engrXiv,2021,607
engrXiv,2022,447
engrXiv,2023,449
engrXiv,2024,575
engrXiv,2025,1030
medRxiv,2019,899
medRxiv,2020,13683
medRxiv,2021,12447
medRxiv,2022,10348
medRxiv,2023,10853
medRxiv,2024,12559
medRxiv,2025,13372
prepare@u,2019,22
prepare@u,2020,27
prepare@u,2021,100
prepare@u,2022,27
prepare@u,2023,20
prepare@u,2024,27
prepare@u,2025,1
searchRxiv,2022,1
viXra,1991,1
viXra,1993,7
viXra,1994,2
viXra,1995,8
viXra,1996,12
viXra,1997,27
viXra,1998,8
viXra,1999,13
viXra,2000,37
viXra,2001,17
viXra,2002,7
viXra,2003,5
viXra,2004,28
viXra,2005,33
viXra,2006,57
viXra,2007,166
viXra,2008,90
viXra,2009,388
viXra,2010,683
viXra,2011,712
viXra,2012,1151
viXra,2013,1727
viXra,2014,2314
viXra,2015,2349
viXra,2016,2561
viXra,2017,2769
viXra,2018,3136
viXra,2019,3078
viXra,2020,2396
viXra,2021,1435
viXra,2022,9
viXra,2023,8
viXra,2024,16
viXra,2025,7
